,County,Higher Degree,H.S. Diploma,No H.S. Diploma
0,16914,27.327528%,63.228399%,9.444072%
1,16925,21.523892%,67.326733%,11.149376%
2,16926,22.852512%,64.343598%,12.803890%
3,16936,19.709544%,67.081604%,13.208852%
4,16947,25.975414%,61.170497%,12.854089%
5,17724,20.416922%,66.217045%,13.366033%
6,18623,17.552083%,67.187500%,15.260417%
7,18810,26.444876%,63.793103%,9.762020%
8,18814,21.052632%,78.947368%,0.000000%
9,18817,38.400000%,54.400000%,7.200000%
10,18829,24.907749%,65.313653%,9.778598%
11,18830,22.900763%,62.977099%,14.122137%
12,18831,17.008197%,65.368852%,17.622951%
13,18832,21.036107%,69.937206%,9.026688%
14,18833,16.561404%,73.614035%,9.824561%
15,18837,21.638258%,68.087121%,10.274621%
16,18840,35.775381%,55.088633%,9.135986%
17,18845,14.342629%,71.713147%,13.944223%
18,18846,22.919937%,70.172684%,6.907378%
19,18848,30.242247%,57.151674%,12.606079%
20,18850,22.972052%,66.530334%,10.497614%
21,18851,23.364486%,67.476636%,9.158879%
22,18853,25.729621%,66.353573%,7.916806%
23,18854,17.741935%,62.211982%,20.046083%
24,18414,43.733950%,51.900360%,4.365691%
25,18419,34.813614%,58.379254%,6.807131%
26,18446,26.739640%,62.666145%,10.594214%
27,18612,41.648690%,51.278891%,7.072419%
28,18614,20.835482%,69.881382%,9.283136%
29,18615,26.514032%,66.174298%,7.311669%
30,18618,42.362598%,48.037116%,9.600286%
31,18623,17.552083%,67.187500%,15.260417%
32,18625,48.158640%,47.025496%,4.815864%
33,18629,20.778073%,71.175950%,8.045977%
34,18630,16.696670%,71.827183%,11.476148%
35,18636,19.563153%,70.465337%,9.971510%
36,18657,28.662784%,63.469225%,7.867991%
37,18844,22.799423%,64.357864%,12.842713%
38,18405,27.896104%,62.649351%,9.454545%
39,18415,46.721311%,43.208431%,10.070258%
40,18417,24.805195%,65.714286%,9.480519%
41,18421,26.182965%,64.064143%,9.752892%
42,18424,33.671347%,58.658346%,7.670307%
43,18427,0.000000%,100.000000%,0.000000%
44,18428,30.620155%,61.295681%,8.084164%
45,18431,30.064668%,60.493827%,9.441505%
46,18436,30.702588%,61.119915%,8.177496%
47,18437,43.604651%,54.069767%,2.325581%
48,18438,38.713080%,53.270042%,8.016878%
49,18439,27.380952%,65.178571%,7.440476%
50,18443,16.712329%,81.095890%,2.191781%
51,18444,36.818049%,55.246523%,7.935427%
52,18445,30.740741%,60.158730%,9.100529%
53,18453,24.179830%,68.894289%,6.925881%
54,18454,0.000000%,0.000000%,100.000000%
55,18455,11.666667%,78.333333%,10.000000%
56,18456,15.654952%,71.565495%,12.779553%
57,18459,24.390244%,48.780488%,26.829268%
58,18460,34.586466%,51.127820%,14.285714%
59,18461,17.532468%,68.181818%,14.285714%
60,18462,32.475884%,51.768489%,15.755627%
61,18463,24.309392%,71.270718%,4.419890%
62,18465,30.259067%,57.409326%,12.331606%
63,18469,17.793594%,76.512456%,5.693950%
64,18470,34.496920%,57.357974%,8.145106%
65,18472,16.057181%,66.855053%,17.087766%
66,18473,36.388140%,56.873315%,6.738544%
67,18847,23.731307%,64.255945%,12.012748%
68,17005,26.171875%,62.109375%,11.718750%
69,17017,24.361158%,66.269165%,9.369676%
70,17018,34.029670%,60.339086%,5.631244%
71,17020,24.063615%,67.003567%,8.932818%
72,17022,37.632156%,53.475962%,8.891881%
73,17023,23.133716%,63.084495%,13.781788%
74,17028,28.866366%,59.234234%,11.899399%
75,17030,17.507886%,63.564669%,18.927445%
76,17032,26.078235%,62.637914%,11.283852%
77,17033,56.524957%,36.962421%,6.512622%
78,17034,24.335499%,62.728884%,12.935617%
79,17036,55.762034%,40.166473%,4.071493%
80,17048,15.884194%,61.032864%,23.082942%
81,17057,27.906514%,58.681362%,13.412124%
82,17061,22.728131%,57.698848%,19.573021%
83,17078,40.896267%,52.253789%,6.849944%
84,17080,20.571429%,60.571429%,18.857143%
85,17097,18.374558%,62.544170%,19.081272%
86,17098,16.228838%,71.745476%,12.025686%
87,17101,29.944444%,48.444444%,21.611111%
88,17102,39.229422%,48.406305%,12.364273%
89,17103,21.889305%,61.548065%,16.562630%
90,17104,19.416033%,54.506513%,26.077454%
91,17109,37.414073%,53.630796%,8.955131%
92,17110,42.405882%,47.029412%,10.564706%
93,17111,42.113619%,48.850082%,9.036300%
94,17112,47.312547%,46.809264%,5.878190%
95,17113,23.574034%,64.215901%,12.210066%
96,17120,Not applicable,Not applicable,Not applicable
97,17980,20.765027%,66.985428%,12.249545%
98,15613,30.163781%,62.302293%,7.533926%
99,15618,21.685393%,67.584270%,10.730337%
100,15656,35.151263%,56.841521%,8.007216%
101,15673,22.838137%,64.190687%,12.971175%
102,15686,18.783542%,67.799642%,13.416816%
103,15690,23.404932%,65.966587%,10.628481%
104,15732,19.552110%,68.475452%,11.972438%
105,15736,30.639098%,64.285714%,5.075188%
106,15774,32.579787%,59.219858%,8.200355%
107,16025,25.658063%,67.927421%,6.414516%
108,16028,21.705426%,66.243834%,12.050740%
109,16041,17.269625%,68.600683%,14.129693%
110,16049,17.568807%,70.137615%,12.293578%
111,16055,36.288089%,59.879963%,3.831948%
112,16201,28.136068%,60.788076%,11.075856%
113,16210,12.839879%,66.314199%,20.845921%
114,16212,20.253165%,67.932489%,11.814346%
115,16218,16.841004%,70.815900%,12.343096%
116,16222,20.432099%,63.024691%,16.543210%
117,16223,9.482759%,87.931034%,2.586207%
118,16224,22.197309%,58.968610%,18.834081%
119,16226,28.147372%,64.780863%,7.071765%
120,16228,18.820225%,73.876404%,7.303371%
121,16229,35.465116%,58.942414%,5.592470%
122,16236,8.115942%,61.739130%,30.144928%
123,16238,36.482085%,56.351792%,7.166124%
124,16240,13.367347%,72.653061%,13.979592%
125,16242,23.118767%,61.922031%,14.959202%
126,16244,11.445783%,80.722892%,7.831325%
127,16245,5.521472%,77.914110%,16.564417%
128,16249,31.285714%,59.571429%,9.142857%
129,16250,4.954955%,58.558559%,36.486486%
130,16253,3.750000%,78.750000%,17.500000%
131,16259,13.992674%,73.333333%,12.673993%
132,16262,26.784835%,64.057115%,9.158050%
133,16263,22.907489%,66.519824%,10.572687%
134,16038,25.197472%,61.927330%,12.875197%
135,16127,40.214962%,50.952432%,8.832606%
136,16153,28.025478%,62.154989%,9.819533%
137,16232,27.751835%,61.607738%,10.640427%
138,16301,27.306273%,63.995783%,8.697944%
139,16311,29.133858%,62.729659%,8.136483%
140,16314,21.652720%,65.010460%,13.336820%
141,16317,17.448405%,72.232645%,10.318949%
142,16319,21.505376%,72.150538%,6.344086%
143,16323,24.673160%,63.156971%,12.169869%
144,16341,26.214286%,65.428571%,8.357143%
145,16342,18.269778%,62.492886%,19.237336%
146,16343,34.782609%,57.453416%,7.763975%
147,16344,16.802168%,73.170732%,10.027100%
148,16346,26.353039%,62.073272%,11.573689%
149,16353,22.583779%,60.903351%,16.512870%
150,16354,23.394557%,64.633329%,11.972114%
151,16362,21.395881%,64.759725%,13.844394%
152,16364,21.040189%,66.430260%,12.529551%
153,16372,20.886076%,68.987342%,10.126582%
154,16373,25.884460%,64.532020%,9.583520%
155,16374,23.246753%,65.389610%,11.363636%
156,15521,18.545752%,75.000000%,6.454248%
157,15522,25.407656%,62.888863%,11.703481%
158,15533,21.549156%,59.781529%,18.669315%
159,15534,17.397454%,68.316832%,14.285714%
160,15535,18.590998%,63.470320%,17.938682%
161,15537,17.985490%,68.179517%,13.834992%
162,15539,44.161359%,43.736730%,12.101911%
163,15545,18.441161%,67.142129%,14.416709%
164,15550,18.614719%,66.320346%,15.064935%
165,15554,24.532578%,66.742210%,8.725212%
166,15559,17.408377%,66.688482%,15.903141%
167,15946,28.461538%,62.806653%,8.731809%
168,16625,15.761887%,68.925496%,15.312617%
169,16633,19.841270%,73.015873%,7.142857%
170,16650,22.025496%,64.376771%,13.597734%
171,16655,15.273038%,72.269625%,12.457338%
172,16657,19.407559%,71.297242%,9.295199%
173,16659,16.981132%,71.698113%,11.320755%
174,16662,23.702830%,64.669811%,11.627358%
175,16664,22.375479%,58.850575%,18.773946%
176,16667,17.964694%,70.820353%,11.214953%
177,16670,21.951220%,78.048780%,0.000000%
178,16672,9.729730%,64.324324%,25.945946%
179,16673,25.317139%,66.099865%,8.582996%
180,16678,22.890295%,61.867089%,15.242616%
181,16679,7.754443%,76.736672%,15.508885%
182,16694,15.333333%,64.666667%,20.000000%
183,16695,26.271186%,62.146893%,11.581921%
184,17211,9.200000%,77.200000%,13.600000%
185,17022,37.632156%,53.475962%,8.891881%
186,17073,16.196355%,60.052910%,23.750735%
187,17501,33.311959%,54.151972%,12.536069%
188,17502,26.152253%,61.574314%,12.273433%
189,17505,17.993367%,35.240464%,46.766169%
190,17507,0.000000%,55.555556%,44.444444%
191,17508,23.076923%,62.068966%,14.854111%
192,17509,22.162986%,42.688500%,35.148515%
193,17512,26.180880%,61.018862%,12.800258%
194,17516,31.764329%,58.885687%,9.349984%
195,17517,28.660061%,54.736550%,16.603389%
196,17518,14.267990%,56.451613%,29.280397%
197,17519,18.093890%,48.855862%,33.050248%
198,17520,39.435792%,56.508963%,4.055245%
199,17522,28.623285%,51.115538%,20.261178%
200,17527,18.571816%,53.923432%,27.504752%
201,17529,19.244476%,40.912331%,39.843193%
202,17532,19.619620%,64.214214%,16.166166%
203,17535,13.709677%,38.440860%,47.849462%
204,17536,19.573171%,45.731707%,34.695122%
205,17538,55.375485%,42.319105%,2.305410%
206,17540,29.821457%,47.225350%,22.953193%
207,17543,43.222043%,47.194288%,9.583669%
208,17545,29.570313%,57.180990%,13.248698%
209,17547,33.829237%,59.271238%,6.899526%
210,17550,8.207934%,91.792066%,0.000000%
211,17551,41.038915%,51.874331%,7.086755%
212,17552,36.176135%,57.529261%,6.294605%
213,17554,35.181357%,57.282466%,7.536177%
214,17555,19.795627%,47.409696%,32.794677%
215,17557,19.437603%,51.169951%,29.392447%
216,17560,14.853058%,69.631983%,15.514959%
217,17562,13.591837%,42.244898%,44.163265%
218,17563,13.467425%,63.052033%,23.480542%
219,17565,22.373541%,63.083658%,14.542802%
220,17566,20.884458%,57.911554%,21.203988%
221,17569,33.110993%,54.135539%,12.753469%
222,17570,43.137255%,48.366013%,8.496732%
223,17572,15.381338%,51.427354%,33.191308%
224,17576,9.036145%,17.469880%,73.493976%
225,17578,24.450118%,56.932443%,18.617439%
226,17579,32.327141%,52.708978%,14.963880%
227,17581,22.743682%,54.512635%,22.743682%
228,17582,29.898305%,62.508475%,7.593220%
229,17584,34.360397%,56.629673%,9.009930%
230,17601,49.779687%,42.474712%,7.745601%
231,17602,29.517481%,50.699526%,19.782993%
232,17603,33.445723%,51.081141%,15.473136%
233,17606,30.800821%,61.190965%,8.008214%
234,19310,26.183996%,53.402286%,20.413718%
235,19344,31.932021%,53.296703%,14.771275%
236,19362,25.473411%,59.403372%,15.123217%
237,19363,33.961744%,49.871253%,16.167004%
238,19501,24.383917%,65.110246%,10.505837%
239,19540,38.097526%,53.783329%,8.119145%
240,19543,42.817818%,48.298298%,8.883884%
241,19551,28.772803%,60.392482%,10.834715%
242,15832,18.750000%,64.453125%,16.796875%
243,15834,25.960637%,62.168072%,11.871290%
244,15861,16.949153%,63.559322%,19.491525%
245,16720,12.273212%,73.212380%,14.514408%
246,16666,17.622572%,67.946346%,14.431082%
247,16677,0.000000%,96.039604%,3.960396%
248,16680,18.644068%,73.163842%,8.192090%
249,16686,28.010695%,64.053476%,7.935829%
250,16801,71.619600%,24.980735%,3.399665%
251,16802,75.000000%,25.000000%,0.000000%
252,16803,69.157825%,26.843501%,3.998674%
253,16820,25.158831%,60.101652%,14.739517%
254,16822,21.384510%,63.879369%,14.736121%
255,16823,34.898811%,56.720211%,8.380978%
256,16826,15.919283%,72.421525%,11.659193%
257,16827,72.606863%,24.262492%,3.130644%
258,16828,39.633963%,54.005401%,6.360636%
259,16829,16.666667%,75.854701%,7.478632%
260,16832,24.338624%,56.878307%,18.783069%
261,16835,25.409836%,66.393443%,8.196721%
262,16841,22.767965%,63.876119%,13.355916%
263,16844,31.598174%,61.963470%,6.438356%
264,16845,13.229018%,70.554765%,16.216216%
265,16851,75.576037%,24.423963%,0.000000%
266,16852,16.129032%,61.751152%,22.119816%
267,16853,18.750000%,70.625000%,10.625000%
268,16854,32.363014%,55.993151%,11.643836%
269,16859,17.737789%,71.208226%,11.053985%
270,16860,47.577093%,52.422907%,0.000000%
271,16865,54.716981%,39.947951%,5.335068%
272,16866,18.656435%,66.033463%,15.310102%
273,16868,31.407942%,68.592058%,0.000000%
274,16870,56.336551%,39.928661%,3.734788%
275,16872,17.997465%,57.541191%,24.461343%
276,16874,16.525024%,72.898961%,10.576015%
277,16875,34.085133%,51.493011%,14.421855%
278,16877,40.677966%,56.009245%,3.312789%
279,16882,33.854167%,49.479167%,16.666667%
280,16037,40.567201%,53.020962%,6.411837%
281,16051,30.553037%,63.191296%,6.255666%
282,16057,38.317343%,52.634686%,9.047970%
283,16101,23.755112%,64.093266%,12.151621%
284,16102,32.516189%,58.279371%,9.204440%
285,16105,39.277283%,55.020883%,5.701834%
286,16112,27.592267%,60.896309%,11.511424%
287,16116,29.618387%,57.025152%,13.356461%
288,16117,33.648439%,57.411784%,8.939777%
289,16120,27.801418%,59.078014%,13.120567%
290,16123,38.711776%,51.984385%,9.303839%
291,16127,40.214962%,50.952432%,8.832606%
292,16132,0.000000%,73.134328%,26.865672%
293,16140,0.000000%,100.000000%,0.000000%
294,16141,31.231454%,55.489614%,13.278932%
295,16142,36.776333%,41.979087%,21.244580%
296,16143,21.631799%,68.535565%,9.832636%
297,16155,53.076923%,26.153846%,20.769231%
298,16156,30.252101%,58.230351%,11.517548%
299,16157,23.203194%,68.056788%,8.740018%
300,16159,28.003508%,63.139433%,8.857059%
301,16160,21.377331%,62.984218%,15.638451%
302,15004,23.809524%,71.904762%,4.285714%
303,15012,36.193242%,57.963745%,5.843013%
304,15017,47.836028%,46.398824%,5.765148%
305,15019,25.260417%,68.402778%,6.336806%
306,15021,24.727149%,62.431787%,12.841064%
307,15022,31.936018%,59.942085%,8.121897%
308,15025,43.788739%,50.973374%,5.237887%
309,15026,30.673617%,63.191660%,6.134723%
310,15033,30.209918%,60.419836%,9.370246%
311,15038,7.111111%,85.777778%,7.111111%
312,15053,22.047244%,61.417323%,16.535433%
313,15054,15.259740%,64.285714%,20.454545%
314,15055,40.398741%,51.206716%,8.394544%
315,15057,45.149912%,47.730437%,7.119651%
316,15060,17.647059%,73.137255%,9.215686%
317,15063,34.825930%,57.058824%,8.115246%
318,15067,26.054591%,61.786600%,12.158809%
319,15078,16.141732%,56.299213%,27.559055%
320,15126,49.662748%,41.510888%,8.826363%
321,15129,52.230459%,45.103394%,2.666146%
322,15241,74.449308%,24.011579%,1.539113%
323,15301,33.136128%,56.559652%,10.304220%
324,15311,35.073260%,59.432234%,5.494505%
325,15312,30.434783%,60.564455%,9.000763%
326,15313,25.912409%,59.854015%,14.233577%
327,15314,29.135338%,60.263158%,10.601504%
328,15317,53.941970%,40.691185%,5.366845%
329,15321,41.718335%,54.827281%,3.454384%
330,15322,31.621622%,55.878378%,12.500000%
331,15323,24.532925%,66.401225%,9.065850%
332,15324,21.212121%,67.832168%,10.955711%
333,15329,24.487805%,65.268293%,10.243902%
334,15330,39.282342%,54.414542%,6.303116%
335,15331,17.813765%,66.801619%,15.384615%
336,15332,34.435828%,60.310176%,5.253996%
337,15333,25.292740%,64.871194%,9.836066%
338,15340,42.266949%,52.754237%,4.978814%
339,15342,34.020045%,57.795100%,8.184855%
340,15345,22.867854%,65.135895%,11.996251%
341,15347,3.070175%,87.719298%,9.210526%
342,15348,37.448560%,56.790123%,5.761317%
343,15350,9.034268%,77.258567%,13.707165%
344,15358,39.337474%,55.693582%,4.968944%
345,15360,33.543804%,60.694554%,5.761642%
346,15361,0.000000%,59.574468%,40.425532%
347,15363,33.333333%,58.279570%,8.387097%
348,15366,11.180124%,77.018634%,11.801242%
349,15367,73.990874%,25.307125%,0.702001%
350,15368,25.000000%,56.521739%,18.478261%
351,15370,24.469496%,62.428950%,13.101554%
352,15376,30.747922%,59.833795%,9.418283%
353,15377,16.914498%,66.171004%,16.914498%
354,15378,0.000000%,100.000000%,0.000000%
355,15379,26.881720%,67.741935%,5.376344%
356,15412,36.792453%,56.289308%,6.918239%
357,15417,28.617886%,62.552846%,8.829268%
358,15419,42.663996%,51.477216%,5.858788%
359,15423,34.939759%,54.698795%,10.361446%
360,15427,27.688787%,62.585812%,9.725400%
361,15429,26.845638%,40.939597%,32.214765%
362,15432,24.550898%,62.874251%,12.574850%
363,15434,11.344538%,68.487395%,20.168067%
364,15477,33.770492%,60.983607%,5.245902%
365,15483,36.363636%,49.696970%,13.939394%
366,19038,58.363498%,36.835588%,4.800914%
367,19102,85.941917%,12.207659%,1.850424%
368,19103,82.903274%,14.224637%,2.872089%
369,19104,39.819704%,42.481219%,17.699077%
370,19106,79.260604%,17.663355%,3.076041%
371,19107,70.948132%,18.531229%,10.520639%
372,19109,Not applicable,Not applicable,Not applicable
373,19111,28.237963%,54.222387%,17.539650%
374,19112,Not applicable,Not applicable,Not applicable
375,19114,30.242148%,60.734339%,9.023513%
376,19115,39.119451%,49.151931%,11.728618%
377,19116,33.352197%,56.178504%,10.469299%
378,19118,71.511315%,23.383621%,5.105065%
379,19119,52.685181%,39.459663%,7.855156%
380,19120,19.800846%,51.410673%,28.788481%
381,19121,17.029554%,58.601870%,24.368577%
382,19122,25.748398%,50.706698%,23.544904%
383,19123,54.851503%,32.951441%,12.197056%
384,19124,14.542649%,58.041587%,27.415764%
385,19125,40.219378%,41.439940%,18.340682%
386,19126,29.712522%,50.434112%,19.853367%
387,19127,58.417762%,35.568010%,6.014227%
388,19128,51.253542%,42.570209%,6.176249%
389,19129,50.373575%,41.237384%,8.389042%
390,19130,69.242475%,23.943126%,6.814399%
391,19131,28.746561%,58.046878%,13.206561%
392,19132,11.874342%,67.376471%,20.749187%
393,19133,7.671163%,49.542927%,42.785911%
394,19134,14.144524%,53.904731%,31.950745%
395,19135,19.818017%,63.065123%,17.116860%
396,19136,20.756221%,64.513828%,14.729951%
397,19137,21.748764%,61.121527%,17.129709%
398,19138,19.894103%,65.556410%,14.549486%
399,19139,20.394085%,63.471911%,16.134004%
400,19140,11.977180%,56.722541%,31.300279%
401,19141,21.335896%,59.855839%,18.808265%
402,19142,16.904932%,61.764355%,21.330712%
403,19143,27.124691%,55.811454%,17.063855%
404,19144,31.488495%,50.746749%,17.764756%
405,19145,27.569062%,54.332029%,18.098909%
406,19146,53.044621%,35.043342%,11.912036%
407,19147,60.579283%,28.882343%,10.538373%
408,19148,25.743766%,48.748016%,25.508219%
409,19149,19.234979%,58.120282%,22.644739%
410,19150,33.540123%,57.349647%,9.110230%
411,19151,30.100182%,59.303279%,10.596539%
412,19152,32.370082%,50.761625%,16.868293%
413,19153,27.536885%,56.920824%,15.542291%
414,19154,27.667489%,60.830861%,11.501651%
415,15310,16.431925%,63.380282%,20.187793%
416,15315,19.813084%,65.607477%,14.579439%
417,15316,16.883117%,74.025974%,9.090909%
418,15320,34.493856%,53.978935%,11.527209%
419,15322,31.621622%,55.878378%,12.500000%
420,15325,8.783784%,59.459459%,31.756757%
421,15327,12.652705%,63.961606%,23.385689%
422,15329,24.487805%,65.268293%,10.243902%
423,15334,17.346939%,77.551020%,5.102041%
424,15337,16.876574%,75.062972%,8.060453%
425,15338,23.120915%,62.990196%,13.888889%
426,15341,23.025210%,61.680672%,15.294118%
427,15344,26.340546%,62.370649%,11.288805%
428,15345,22.867854%,65.135895%,11.996251%
429,15346,17.954545%,69.318182%,12.727273%
430,15349,17.765043%,72.349570%,9.885387%
431,15351,23.980815%,71.942446%,4.076739%
432,15352,12.583893%,68.288591%,19.127517%
433,15353,55.263158%,44.736842%,0.000000%
434,15357,25.422365%,56.717619%,17.860016%
435,15359,28.571429%,56.390977%,15.037594%
436,15362,19.343066%,71.897810%,8.759124%
437,15364,30.656934%,60.401460%,8.941606%
438,15370,24.469496%,62.428950%,13.101554%
439,15377,16.914498%,66.171004%,16.914498%
440,15380,11.212815%,72.540046%,16.247140%
441,16401,14.985591%,69.241114%,15.773295%
442,16403,30.006277%,57.878217%,12.115505%
443,16407,25.741664%,63.691258%,10.567078%
444,16410,22.852234%,70.962199%,6.185567%
445,16411,24.953618%,64.007421%,11.038961%
446,16412,47.856505%,46.501935%,5.641560%
447,16415,53.377764%,43.623145%,2.999091%
448,16417,33.370247%,59.191584%,7.438169%
449,16421,36.589147%,58.811370%,4.599483%
450,16423,26.226790%,63.129973%,10.643236%
451,16426,32.163743%,63.048246%,4.788012%
452,16427,17.218543%,76.821192%,5.960265%
453,16428,35.084883%,57.142857%,7.772260%
454,16435,19.198791%,65.079365%,15.721844%
455,16438,24.511386%,64.030841%,11.457773%
456,16441,30.964686%,62.159058%,6.876256%
457,16442,29.440628%,57.899902%,12.659470%
458,16443,25.843882%,61.286920%,12.869198%
459,16444,56.250000%,43.750000%,0.000000%
460,16501,18.757688%,47.601476%,33.640836%
461,16502,27.801062%,59.932942%,12.265996%
462,16503,13.493491%,59.191449%,27.315060%
463,16504,32.062341%,59.900020%,8.037640%
464,16505,46.479802%,45.704864%,7.815334%
465,16506,49.294355%,46.418406%,4.287239%
466,16507,23.600065%,60.996591%,15.403344%
467,16508,36.823612%,56.148981%,7.027407%
468,16509,43.842846%,51.759187%,4.397967%
469,16510,34.143941%,57.292571%,8.563488%
470,16511,36.235885%,57.314931%,6.449184%
471,16546,100.000000%,0.000000%,0.000000%
472,16563,82.608696%,17.391304%,0.000000%
473,15946,28.461538%,62.806653%,8.731809%
474,16601,25.842545%,64.770378%,9.387076%
475,16602,27.312441%,62.003799%,10.683761%
476,16613,24.854369%,68.640777%,6.504854%
477,16617,22.070415%,70.415134%,7.514451%
478,16625,15.761887%,68.925496%,15.312617%
479,16631,19.047619%,52.380952%,28.571429%
480,16635,29.877155%,61.861828%,8.261017%
481,16636,28.966790%,66.051661%,4.981550%
482,16637,12.880143%,76.744186%,10.375671%
483,16641,24.620573%,69.421023%,5.958404%
484,16648,40.891899%,52.616765%,6.491336%
485,16655,15.273038%,72.269625%,12.457338%
486,16662,23.702830%,64.669811%,11.627358%
487,16665,32.158590%,55.947137%,11.894273%
488,16673,25.317139%,66.099865%,8.582996%
489,16682,0.000000%,100.000000%,0.000000%
490,16686,28.010695%,64.053476%,7.935829%
491,16693,22.029950%,65.923461%,12.046589%
492,17021,9.077599%,73.206442%,17.715959%
493,17035,9.465649%,67.633588%,22.900763%
494,17045,24.376731%,58.448753%,17.174515%
495,17049,17.515769%,59.146046%,23.338185%
496,17056,23.404255%,51.063830%,25.531915%
497,17058,22.113821%,56.585366%,21.300813%
498,17059,24.364548%,61.371237%,14.264214%
499,17062,27.103473%,61.689939%,11.206588%
500,17076,0.000000%,100.000000%,0.000000%
501,17082,19.495798%,66.554622%,13.949580%
502,17086,15.921963%,67.400881%,16.677155%
503,17094,20.897916%,58.150722%,20.951363%
504,17243,14.380952%,72.380952%,13.238095%
505,17853,12.358491%,55.471698%,32.169811%
506,17006,15.711948%,67.103110%,17.184943%
507,17020,24.063615%,67.003567%,8.932818%
508,17021,9.077599%,73.206442%,17.715959%
509,17024,27.058824%,55.764706%,17.176471%
510,17035,9.465649%,67.633588%,22.900763%
511,17037,26.324238%,54.253612%,19.422151%
512,17040,24.861878%,61.264579%,13.873542%
513,17045,24.376731%,58.448753%,17.174515%
514,17047,17.118227%,65.701970%,17.179803%
515,17053,28.976506%,62.570888%,8.452606%
516,17062,27.103473%,61.689939%,11.206588%
517,17068,25.974441%,61.341853%,12.683706%
518,17069,11.764706%,45.588235%,42.647059%
519,17071,16.981132%,43.396226%,39.622642%
520,17074,24.879615%,65.670144%,9.450241%
521,17090,22.785788%,62.667353%,14.546859%
522,17011,46.275276%,44.715478%,9.009246%
523,17019,37.788513%,54.205966%,8.005521%
524,17055,47.560747%,46.775829%,5.663424%
525,17070,41.691215%,50.693121%,7.615665%
526,17301,20.332226%,61.960133%,17.707641%
527,17302,23.983531%,63.458569%,12.557900%
528,17309,22.296844%,62.122230%,15.580927%
529,17311,27.127660%,53.723404%,19.148936%
530,17313,27.770733%,60.512300%,11.716967%
531,17314,18.096415%,62.941904%,18.961681%
532,17315,29.094537%,59.181362%,11.724101%
533,17316,28.273909%,62.645785%,9.080307%
534,17317,33.013436%,52.783109%,14.203455%
535,17318,22.222222%,62.500000%,15.277778%
536,17319,39.304671%,55.838641%,4.856688%
537,17321,25.074985%,61.547690%,13.377325%
538,17322,17.557593%,72.243346%,10.199061%
539,17327,25.136811%,62.258300%,12.604889%
540,17329,23.840698%,69.776323%,6.382979%
541,17331,28.095133%,59.819899%,12.084968%
542,17339,39.460000%,53.360000%,7.180000%
543,17345,20.615866%,66.440501%,12.943633%
544,17347,35.241035%,54.452624%,10.306341%
545,17349,44.794039%,49.037466%,6.168495%
546,17352,21.033654%,60.336538%,18.629808%
547,17355,22.222222%,65.432099%,12.345679%
548,17356,25.885915%,62.031239%,12.082846%
549,17360,39.995622%,49.956217%,10.048161%
550,17361,39.110912%,52.626852%,8.262236%
551,17362,28.498701%,62.202597%,9.298701%
552,17363,36.353896%,54.461962%,9.184142%
553,17364,22.892983%,58.957272%,18.149745%
554,17365,15.548282%,68.521549%,15.930169%
555,17366,20.790021%,62.707900%,16.502079%
556,17368,22.906359%,62.012095%,15.081547%
557,17370,24.151397%,66.326224%,9.522379%
558,17371,27.935223%,55.465587%,16.599190%
559,17372,25.050234%,57.367716%,17.582050%
560,17401,19.380929%,57.174239%,23.444833%
561,17402,38.492301%,51.352968%,10.154732%
562,17403,36.009431%,50.787244%,13.203325%
563,17404,34.569847%,54.020443%,11.409710%
564,17406,32.360611%,55.854961%,11.784428%
565,17407,38.792030%,56.164384%,5.043587%
566,17408,33.022031%,58.093870%,8.884100%
567,17021,9.077599%,73.206442%,17.715959%
568,17201,28.166743%,55.348918%,16.484339%
569,17202,30.839066%,59.347653%,9.813281%
570,17210,27.678571%,67.857143%,4.464286%
571,17214,21.337127%,74.537696%,4.125178%
572,17217,15.853659%,69.512195%,14.634146%
573,17219,13.503650%,47.080292%,39.416058%
574,17220,15.625000%,54.296875%,30.078125%
575,17221,18.508287%,67.955801%,13.535912%
576,17222,36.992989%,50.888833%,12.118177%
577,17224,12.027027%,74.797297%,13.175676%
578,17225,27.472366%,62.232867%,10.294768%
579,17235,42.049470%,42.756184%,15.194346%
580,17236,22.606889%,57.382725%,20.010386%
581,17237,20.777989%,68.311195%,10.910816%
582,17240,20.191055%,57.881025%,21.927920%
583,17244,19.661610%,66.336056%,14.002334%
584,17246,8.411215%,91.588785%,0.000000%
585,17247,33.568075%,32.394366%,34.037559%
586,17250,0.000000%,100.000000%,0.000000%
587,17251,25.217391%,66.956522%,7.826087%
588,17252,22.516804%,57.057506%,20.425691%
589,17254,33.333333%,0.000000%,66.666667%
590,17256,42.666667%,24.000000%,33.333333%
591,17257,26.961432%,55.863270%,17.175297%
592,17261,7.361963%,53.987730%,38.650307%
593,17262,28.989899%,50.909091%,20.101010%
594,17263,25.000000%,44.166667%,30.833333%
595,17265,10.617284%,72.098765%,17.283951%
596,17268,27.722439%,59.511092%,12.766469%
597,17270,51.020408%,48.979592%,0.000000%
598,17271,12.068966%,56.896552%,31.034483%
599,17272,42.662116%,28.327645%,29.010239%
600,17527,18.571816%,53.923432%,27.504752%
601,19073,64.523810%,32.521008%,2.955182%
602,19087,79.087180%,18.370851%,2.541969%
603,19301,69.407895%,27.878289%,2.713816%
604,19310,26.183996%,53.402286%,20.413718%
605,19311,41.518501%,35.239468%,23.242031%
606,19312,84.573140%,13.667000%,1.759860%
607,19316,29.090909%,40.000000%,30.909091%
608,19317,72.272861%,26.595119%,1.132020%
609,19319,14.000000%,86.000000%,0.000000%
610,19320,36.050715%,53.166880%,10.782406%
611,19330,35.877262%,55.179649%,8.943089%
612,19333,76.449352%,21.193459%,2.357188%
613,19335,61.957640%,33.921331%,4.121029%
614,19341,67.276036%,30.176193%,2.547771%
615,19342,62.245049%,35.486255%,2.268696%
616,19343,61.744966%,35.146591%,3.108442%
617,19344,31.932021%,53.296703%,14.771275%
618,19345,56.126482%,33.201581%,10.671937%
619,19348,54.557547%,29.828340%,15.614113%
620,19350,62.440686%,32.035527%,5.523786%
621,19352,48.833510%,42.435490%,8.731000%
622,19355,70.470418%,26.176046%,3.353535%
623,19358,18.703242%,48.877805%,32.418953%
624,19362,25.473411%,59.403372%,15.123217%
625,19363,33.961744%,49.871253%,16.167004%
626,19365,27.823344%,60.483701%,11.692955%
627,19367,100.000000%,0.000000%,0.000000%
628,19372,49.110923%,49.195597%,1.693480%
629,19373,41.903367%,42.723280%,15.373353%
630,19374,4.561404%,43.333333%,52.105263%
631,19375,56.862745%,43.137255%,0.000000%
632,19380,62.281439%,33.086752%,4.631809%
633,19382,64.699272%,31.306009%,3.994719%
634,19383,100.000000%,0.000000%,0.000000%
635,19390,46.267986%,40.197842%,13.534173%
636,19425,79.977445%,18.248924%,1.773631%
637,19442,Not applicable,Not applicable,Not applicable
638,19457,53.086420%,46.913580%,0.000000%
639,19460,59.049010%,36.133431%,4.817559%
640,19465,47.407468%,48.033963%,4.558569%
641,19475,42.054040%,48.981944%,8.964016%
642,19520,41.515651%,49.823488%,8.660861%
643,19543,42.817818%,48.298298%,8.883884%
644,15721,10.365854%,78.048780%,11.585366%
645,15724,14.539007%,68.262411%,17.198582%
646,15742,14.985163%,66.023739%,18.991098%
647,15753,12.997347%,70.822281%,16.180371%
648,15757,17.071057%,70.277296%,12.651646%
649,15767,24.822134%,61.403162%,13.774704%
650,15801,30.788106%,62.074192%,7.137702%
651,15824,28.268156%,62.988827%,8.743017%
652,15840,23.702186%,70.423497%,5.874317%
653,15848,20.169252%,57.827927%,22.002821%
654,15849,14.898990%,73.484848%,11.616162%
655,15856,26.300985%,69.057665%,4.641350%
656,15866,30.281690%,56.338028%,13.380282%
657,16616,17.567568%,67.567568%,14.864865%
658,16620,22.317597%,66.094421%,11.587983%
659,16627,21.818182%,68.727273%,9.454545%
660,16639,16.991643%,73.630455%,9.377902%
661,16645,21.212121%,61.363636%,17.424242%
662,16646,27.272727%,64.696040%,8.031233%
663,16651,15.357380%,66.430626%,18.211994%
664,16656,15.409483%,70.474138%,14.116379%
665,16661,16.225166%,69.370861%,14.403974%
666,16666,17.622572%,67.946346%,14.431082%
667,16671,27.925532%,57.978723%,14.095745%
668,16680,18.644068%,73.163842%,8.192090%
669,16692,14.176245%,69.540230%,16.283525%
670,16821,9.322034%,90.677966%,0.000000%
671,16825,24.000000%,60.000000%,16.000000%
672,16830,27.143429%,59.845753%,13.010817%
673,16833,24.288190%,64.917059%,10.794751%
674,16834,13.385827%,63.779528%,22.834646%
675,16836,15.384615%,74.009324%,10.606061%
676,16837,5.982906%,94.017094%,0.000000%
677,16838,23.168909%,67.040359%,9.790732%
678,16839,10.606061%,63.383838%,26.010101%
679,16840,26.801153%,55.619597%,17.579251%
680,16843,1.780415%,55.786350%,42.433234%
681,16845,13.229018%,70.554765%,16.216216%
682,16847,4.115226%,70.370370%,25.514403%
683,16849,48.070175%,48.421053%,3.508772%
684,16855,14.800000%,64.400000%,20.800000%
685,16858,16.838488%,65.292096%,17.869416%
686,16860,47.577093%,52.422907%,0.000000%
687,16861,18.000000%,62.500000%,19.500000%
688,16863,18.685832%,74.743326%,6.570842%
689,16866,18.656435%,66.033463%,15.310102%
690,16871,11.538462%,57.692308%,30.769231%
691,16876,12.053571%,71.875000%,16.071429%
692,16878,19.339985%,63.161934%,17.498081%
693,16879,12.334802%,74.889868%,12.775330%
694,16881,20.506165%,68.332252%,11.161583%
695,15714,25.211745%,63.975155%,10.813100%
696,15722,24.836212%,66.527695%,8.636093%
697,15724,14.539007%,68.262411%,17.198582%
698,15737,15.853659%,64.634146%,19.512195%
699,15738,11.258278%,82.781457%,5.960265%
700,15760,11.538462%,73.076923%,15.384615%
701,15762,40.340909%,52.840909%,6.818182%
702,15773,24.011299%,63.276836%,12.711864%
703,15775,31.861804%,59.309021%,8.829175%
704,15901,17.350487%,60.535466%,22.114047%
705,15902,22.100603%,66.707662%,11.191735%
706,15904,38.122838%,54.875199%,7.001963%
707,15905,43.124837%,52.957691%,3.917472%
708,15906,18.881471%,66.620481%,14.498048%
709,15909,25.871560%,63.722149%,10.406291%
710,15921,8.163265%,68.367347%,23.469388%
711,15922,20.714286%,65.714286%,13.571429%
712,15925,25.000000%,66.346154%,8.653846%
713,15927,24.110032%,51.779935%,24.110032%
714,15930,0.000000%,89.922481%,10.077519%
715,15931,39.823009%,51.087446%,9.089546%
716,15934,40.414508%,59.585492%,0.000000%
717,15938,25.766871%,67.763525%,6.469604%
718,15940,28.755020%,61.807229%,9.437751%
719,15942,28.657435%,62.733293%,8.609272%
720,15943,22.666154%,64.963504%,12.370342%
721,15945,26.890756%,63.025210%,10.084034%
722,15946,28.461538%,62.806653%,8.731809%
723,15948,22.975518%,53.672316%,23.352166%
724,15951,22.556391%,53.947368%,23.496241%
725,15952,25.984252%,68.799213%,5.216535%
726,15955,27.386798%,62.684124%,9.929078%
727,15956,22.793688%,65.341905%,11.864407%
728,15957,28.600823%,56.378601%,15.020576%
729,15958,30.567082%,61.687414%,7.745505%
730,15960,20.506912%,72.119816%,7.373272%
731,15961,23.471074%,61.487603%,15.041322%
732,15962,20.338983%,73.728814%,5.932203%
733,15963,29.920477%,57.952286%,12.127237%
734,16613,24.854369%,68.640777%,6.504854%
735,16619,7.537688%,84.924623%,7.537688%
736,16624,24.087591%,70.072993%,5.839416%
737,16627,21.818182%,68.727273%,9.454545%
738,16630,32.681756%,58.573388%,8.744856%
739,16636,28.966790%,66.051661%,4.981550%
740,16639,16.991643%,73.630455%,9.377902%
741,16640,27.464789%,64.436620%,8.098592%
742,16641,24.620573%,69.421023%,5.958404%
743,16646,27.272727%,64.696040%,8.031233%
744,16668,26.631259%,62.974203%,10.394537%
745,16699,14.062500%,58.664773%,27.272727%
746,15821,18.320611%,58.015267%,23.664122%
747,15823,29.189687%,63.443831%,7.366483%
748,15827,22.463768%,69.565217%,7.971014%
749,15832,18.750000%,64.453125%,16.796875%
750,15841,25.714286%,65.142857%,9.142857%
751,15845,22.567923%,65.293602%,12.138475%
752,15846,34.224382%,57.027136%,8.748481%
753,15853,29.131653%,64.037923%,6.830424%
754,15857,30.651901%,61.794818%,7.553280%
755,15860,23.349057%,66.155660%,10.495283%
756,15868,31.508165%,58.309318%,10.182517%
757,15870,24.387646%,67.731629%,7.880724%
758,16728,0.000000%,65.517241%,34.482759%
759,16734,30.481283%,58.288770%,11.229947%
760,16735,26.720742%,64.519119%,8.760139%
761,18036,47.539901%,45.514584%,6.945515%
762,18041,37.413148%,56.360235%,6.226617%
763,18054,34.454605%,60.254735%,5.290660%
764,18055,36.827743%,55.179079%,7.993178%
765,18073,40.150932%,52.333282%,7.515786%
766,18077,48.870392%,47.919144%,3.210464%
767,18081,11.602210%,61.325967%,27.071823%
768,18901,57.320732%,38.383838%,4.295430%
769,18902,68.070301%,29.490674%,2.439024%
770,18912,54.736842%,45.263158%,0.000000%
771,18913,27.710843%,72.289157%,0.000000%
772,18914,58.438745%,37.598714%,3.962541%
773,18917,37.252221%,49.213944%,13.533835%
774,18920,48.076923%,51.923077%,0.000000%
775,18923,56.852792%,34.856176%,8.291032%
776,18925,61.852093%,34.591195%,3.556712%
777,18929,59.509820%,38.173577%,2.316602%
778,18930,40.231548%,49.927641%,9.840810%
779,18932,49.189189%,36.486486%,14.324324%
780,18935,Not applicable,Not applicable,Not applicable
781,18938,63.961791%,33.626013%,2.412196%
782,18940,69.302738%,28.461690%,2.235572%
783,18942,37.919463%,56.753356%,5.327181%
784,18944,46.224496%,47.997442%,5.778062%
785,18947,52.844788%,42.944925%,4.210287%
786,18950,57.792208%,42.207792%,0.000000%
787,18951,35.550374%,53.843007%,10.606618%
788,18954,57.785055%,38.597797%,3.617148%
789,18955,41.606368%,53.183792%,5.209841%
790,18960,37.289228%,56.137901%,6.572871%
791,18962,38.578680%,59.390863%,2.030457%
792,18964,39.821540%,50.498029%,9.680432%
793,18966,52.092050%,43.611775%,4.296175%
794,18969,36.944856%,53.728719%,9.326425%
795,18970,32.685512%,59.893993%,7.420495%
796,18972,39.589136%,51.636490%,8.774373%
797,18974,40.975176%,50.403851%,8.620974%
798,18976,50.587561%,43.114073%,6.298366%
799,18977,74.176373%,25.823627%,0.000000%
800,18980,58.250000%,40.250000%,1.500000%
801,19006,58.242463%,35.914047%,5.843489%
802,19007,18.912861%,67.441860%,13.645279%
803,19020,37.456362%,54.391866%,8.151772%
804,19021,16.739895%,69.376098%,13.884007%
805,19030,28.981299%,63.863399%,7.155303%
806,19040,42.017156%,52.172108%,5.810736%
807,19047,50.666132%,43.631621%,5.702247%
808,19053,40.917892%,51.127741%,7.954367%
809,19054,26.483899%,66.475196%,7.040905%
810,19055,22.627110%,68.279050%,9.093841%
811,19056,37.211493%,56.043335%,6.745172%
812,19057,23.423777%,67.707026%,8.869197%
813,19067,62.851037%,33.206389%,3.942574%
814,19440,47.085610%,44.064967%,8.849423%
815,17701,30.581113%,58.124979%,11.293908%
816,17731,62.121212%,37.878788%,0.000000%
817,17737,29.763561%,60.083449%,10.152990%
818,17758,18.672840%,70.524691%,10.802469%
819,17768,17.916667%,64.166667%,17.916667%
820,17774,19.721116%,65.737052%,14.541833%
821,17814,24.644412%,65.428157%,9.927431%
822,18614,20.835482%,69.881382%,9.283136%
823,18616,23.149905%,65.654649%,11.195446%
824,18619,22.330097%,66.504854%,11.165049%
825,18626,28.389831%,59.957627%,11.652542%
826,18628,27.835052%,62.371134%,9.793814%
827,18632,17.464789%,70.985915%,11.549296%
828,18833,16.561404%,73.614035%,9.824561%
829,15618,21.685393%,67.584270%,10.730337%
830,15681,27.089255%,64.667425%,8.243320%
831,15701,43.944673%,48.094223%,7.961104%
832,15710,13.684211%,75.789474%,10.526316%
833,15712,3.703704%,73.148148%,23.148148%
834,15713,11.965812%,88.034188%,0.000000%
835,15714,25.211745%,63.975155%,10.813100%
836,15716,5.851979%,81.067126%,13.080895%
837,15717,26.391097%,64.745628%,8.863275%
838,15723,50.000000%,50.000000%,0.000000%
839,15724,14.539007%,68.262411%,17.198582%
840,15725,23.257840%,67.247387%,9.494774%
841,15727,42.477876%,39.823009%,17.699115%
842,15728,21.787026%,68.421053%,9.791922%
843,15729,17.635066%,64.831804%,17.533129%
844,15731,43.571429%,38.333333%,18.095238%
845,15732,19.552110%,68.475452%,11.972438%
846,15734,17.622951%,76.639344%,5.737705%
847,15739,23.484848%,70.454545%,6.060606%
848,15741,21.052632%,71.052632%,7.894737%
849,15742,14.985163%,66.023739%,18.991098%
850,15745,40.000000%,60.000000%,0.000000%
851,15746,17.000000%,22.000000%,61.000000%
852,15747,20.978030%,68.887314%,10.134656%
853,15748,28.121807%,60.433272%,11.444921%
854,15750,10.434783%,83.478261%,6.086957%
855,15752,70.000000%,30.000000%,0.000000%
856,15754,6.935123%,82.774049%,10.290828%
857,15756,11.290323%,77.419355%,11.290323%
858,15757,17.071057%,70.277296%,12.651646%
859,15759,23.816221%,63.994374%,12.189405%
860,15761,0.000000%,83.333333%,16.666667%
861,15765,27.979651%,59.883721%,12.136628%
862,15767,24.822134%,61.403162%,13.774704%
863,15771,26.382306%,63.033175%,10.584518%
864,15772,14.058355%,67.020336%,18.921309%
865,15774,32.579787%,59.219858%,8.200355%
866,15777,16.455696%,83.544304%,0.000000%
867,15783,38.181818%,54.545455%,7.272727%
868,15920,34.668990%,56.097561%,9.233449%
869,15929,11.475410%,22.950820%,65.573770%
870,15944,24.221022%,64.312422%,11.466556%
871,15949,8.638743%,80.104712%,11.256545%
872,15954,22.517846%,64.373783%,13.108371%
873,15957,28.600823%,56.378601%,15.020576%
874,15961,23.471074%,61.487603%,15.041322%
875,16211,16.513761%,75.229358%,8.256881%
876,16222,20.432099%,63.024691%,16.543210%
877,16246,18.128655%,64.912281%,16.959064%
878,16256,12.242687%,33.152763%,54.604550%
879,16901,35.242291%,56.641303%,8.116406%
880,16911,21.828909%,53.982301%,24.188791%
881,16912,28.394040%,60.430464%,11.175497%
882,16914,27.327528%,63.228399%,9.444072%
883,16917,28.679654%,61.363636%,9.956710%
884,16920,19.053964%,68.554297%,12.391739%
885,16921,17.156863%,71.568627%,11.274510%
886,16928,21.443299%,67.422680%,11.134021%
887,16929,29.284904%,60.215664%,10.499432%
888,16930,32.700893%,60.267857%,7.031250%
889,16932,27.178423%,64.730290%,8.091286%
890,16933,37.724950%,55.832037%,6.443013%
891,16935,28.077754%,58.639309%,13.282937%
892,16936,19.709544%,67.081604%,13.208852%
893,16938,23.308271%,62.218045%,14.473684%
894,16939,17.647059%,67.379679%,14.973262%
895,16940,26.344086%,52.688172%,20.967742%
896,16942,19.861831%,68.048359%,12.089810%
897,16943,11.666667%,65.555556%,22.777778%
898,16946,21.849234%,60.895171%,17.255595%
899,16947,25.975414%,61.170497%,12.854089%
900,16950,17.916186%,63.091119%,18.992695%
901,17724,20.416922%,66.217045%,13.366033%
902,17727,36.619718%,52.112676%,11.267606%
903,17765,21.733506%,63.777490%,14.489004%
904,15828,30.508475%,59.745763%,9.745763%
905,16217,34.246575%,60.273973%,5.479452%
906,16239,7.843137%,69.520697%,22.636166%
907,16321,10.000000%,82.000000%,8.000000%
908,16322,4.878049%,95.121951%,0.000000%
909,16341,26.214286%,65.428571%,8.357143%
910,16347,23.715651%,68.817204%,7.467145%
911,16351,19.408181%,72.410792%,8.181027%
912,16353,22.583779%,60.903351%,16.512870%
913,16370,15.217391%,75.362319%,9.420290%
914,17810,14.828897%,69.781869%,15.389234%
915,17829,14.012739%,68.152866%,17.834395%
916,17835,14.077670%,73.300971%,12.621359%
917,17837,41.763590%,42.868927%,15.367483%
918,17844,25.680272%,57.681406%,16.638322%
919,17845,15.373864%,65.688330%,18.937806%
920,17855,30.362117%,63.231198%,6.406685%
921,17856,17.007940%,74.091099%,8.900961%
922,17870,33.219796%,53.346023%,13.434182%
923,17880,15.000000%,41.250000%,43.750000%
924,17885,13.333333%,86.666667%,0.000000%
925,17886,28.478544%,60.208062%,11.313394%
926,17887,0.000000%,75.206612%,24.793388%
927,17889,35.360000%,51.093333%,13.546667%
928,17003,30.038023%,58.948941%,11.013036%
929,17010,0.000000%,48.529412%,51.470588%
930,17016,19.434194%,76.506765%,4.059041%
931,17026,21.986651%,63.643502%,14.369847%
932,17028,28.866366%,59.234234%,11.899399%
933,17033,56.524957%,36.962421%,6.512622%
934,17038,23.011557%,67.590075%,9.398368%
935,17039,12.000000%,34.666667%,53.333333%
936,17041,41.111111%,58.888889%,0.000000%
937,17042,31.094604%,57.178046%,11.727350%
938,17046,17.543266%,61.882433%,20.574301%
939,17064,63.826367%,31.350482%,4.823151%
940,17067,19.512446%,60.985394%,19.502160%
941,17073,16.196355%,60.052910%,23.750735%
942,17077,0.000000%,100.000000%,0.000000%
943,17078,40.896267%,52.253789%,6.849944%
944,17083,0.000000%,100.000000%,0.000000%
945,17087,20.202532%,63.037975%,16.759494%
946,17088,19.099379%,60.093168%,20.807453%
947,17545,29.570313%,57.180990%,13.248698%
948,17963,22.879684%,63.859809%,13.260507%
949,19551,28.772803%,60.392482%,10.834715%
950,15012,36.193242%,57.963745%,5.843013%
951,15401,27.221986%,61.648914%,11.129101%
952,15410,15.866084%,71.033479%,13.100437%
953,15413,28.503563%,60.332542%,11.163895%
954,15417,28.617886%,62.552846%,8.829268%
955,15420,18.571429%,65.714286%,15.714286%
956,15421,100.000000%,0.000000%,0.000000%
957,15422,0.000000%,57.471264%,42.528736%
958,15424,21.320755%,63.962264%,14.716981%
959,15425,24.850587%,63.137313%,12.012101%
960,15428,19.428200%,71.474984%,9.096816%
961,15430,13.725490%,82.843137%,3.431373%
962,15431,19.965577%,64.647160%,15.387263%
963,15433,22.005208%,70.312500%,7.682292%
964,15435,7.223476%,79.006772%,13.769752%
965,15436,19.381107%,68.295331%,12.323561%
966,15437,30.892212%,60.495101%,8.612687%
967,15438,29.735525%,61.115082%,9.149392%
968,15440,18.709677%,81.290323%,0.000000%
969,15442,24.810765%,59.714045%,15.475189%
970,15443,15.231788%,63.576159%,21.192053%
971,15444,0.000000%,66.546763%,33.453237%
972,15445,24.090909%,65.656566%,10.252525%
973,15446,38.818565%,61.181435%,0.000000%
974,15447,9.090909%,63.636364%,27.272727%
975,15449,34.770115%,51.724138%,13.505747%
976,15450,1.604870%,64.084117%,34.311013%
977,15451,15.754339%,69.692924%,14.552737%
978,15454,0.000000%,70.270270%,29.729730%
979,15455,11.671088%,70.557029%,17.771883%
980,15456,16.362786%,67.274427%,16.362786%
981,15458,22.263948%,58.261803%,19.474249%
982,15459,12.391681%,69.670711%,17.937608%
983,15460,13.793103%,62.068966%,24.137931%
984,15461,17.117117%,69.035702%,13.847181%
985,15462,22.591362%,55.481728%,21.926910%
986,15463,Not applicable,Not applicable,Not applicable
987,15464,23.211169%,62.303665%,14.485166%
988,15466,14.420063%,73.981191%,11.598746%
989,15467,7.964602%,69.911504%,22.123894%
990,15468,23.883067%,61.831219%,14.285714%
991,15469,15.435835%,65.254237%,19.309927%
992,15470,16.237942%,78.135048%,5.627010%
993,15472,20.353982%,33.185841%,46.460177%
994,15473,34.590554%,57.186544%,8.222902%
995,15474,24.626866%,61.567164%,13.805970%
996,15475,19.662244%,67.913148%,12.424608%
997,15476,0.000000%,50.724638%,49.275362%
998,15478,18.408941%,68.967784%,12.623274%
999,15480,22.944694%,65.994021%,11.061286%
1000,15482,22.834646%,68.503937%,8.661417%
1001,15484,38.043478%,42.391304%,19.565217%
1002,15486,21.487603%,68.949233%,9.563164%
1003,15489,3.240741%,78.703704%,18.055556%
1004,15490,23.867596%,76.132404%,0.000000%
1005,15492,9.433962%,59.433962%,31.132075%
1006,15557,24.802528%,65.284360%,9.913112%
1007,15610,31.401475%,56.410256%,12.188268%
1008,15622,32.126697%,51.131222%,16.742081%
1009,15631,26.301370%,65.479452%,8.219178%
1010,15666,30.138765%,60.309989%,9.551246%
1011,15683,32.445726%,61.363636%,6.190638%
1012,17026,21.986651%,63.643502%,14.369847%
1013,17067,19.512446%,60.985394%,19.502160%
1014,17087,20.202532%,63.037975%,16.759494%
1015,17555,19.795627%,47.409696%,32.794677%
1016,17569,33.110993%,54.135539%,12.753469%
1017,18011,39.298515%,49.948797%,10.752688%
1018,18031,56.456311%,40.970874%,2.572816%
1019,18041,37.413148%,56.360235%,6.226617%
1020,18056,9.440000%,76.000000%,14.560000%
1021,18062,53.109780%,39.506242%,7.383978%
1022,18070,12.838802%,81.597718%,5.563481%
1023,18092,45.251397%,44.950580%,9.798023%
1024,19464,33.684710%,54.922444%,11.392846%
1025,19503,23.542601%,65.470852%,10.986547%
1026,19504,35.890629%,58.667375%,5.441996%
1027,19505,28.053517%,62.926198%,9.020285%
1028,19506,31.115757%,55.179624%,13.704619%
1029,19507,15.950920%,61.585654%,22.463426%
1030,19508,32.868313%,57.224098%,9.907588%
1031,19510,39.678097%,54.198740%,6.123163%
1032,19511,0.000000%,55.294118%,44.705882%
1033,19512,28.243852%,59.697952%,12.058196%
1034,19518,41.526673%,50.761371%,7.711956%
1035,19519,Not applicable,Not applicable,Not applicable
1036,19520,41.515651%,49.823488%,8.660861%
1037,19522,28.536152%,60.865271%,10.598578%
1038,19523,6.896552%,93.103448%,0.000000%
1039,19526,26.505007%,57.184220%,16.310773%
1040,19529,36.635945%,53.494624%,9.869432%
1041,19530,36.742003%,51.809312%,11.448685%
1042,19533,25.112332%,58.062906%,16.824763%
1043,19534,29.547038%,58.257840%,12.195122%
1044,19535,32.432432%,67.567568%,0.000000%
1045,19536,11.568123%,66.066838%,22.365039%
1046,19538,0.000000%,0.000000%,100.000000%
1047,19539,25.850547%,61.391252%,12.758202%
1048,19540,38.097526%,53.783329%,8.119145%
1049,19541,38.909334%,50.685848%,10.404818%
1050,19542,Not applicable,Not applicable,Not applicable
1051,19543,42.817818%,48.298298%,8.883884%
1052,19544,22.580645%,70.967742%,6.451613%
1053,19545,16.187990%,74.673629%,9.138381%
1054,19547,37.479215%,56.069172%,6.451613%
1055,19550,17.299578%,61.603376%,21.097046%
1056,19551,28.772803%,60.392482%,10.834715%
1057,19554,34.538153%,54.216867%,11.244980%
1058,19555,25.719921%,61.538462%,12.741617%
1059,19559,18.884120%,60.085837%,21.030043%
1060,19560,22.240231%,63.155051%,14.604718%
1061,19562,28.703704%,62.183236%,9.113060%
1062,19564,7.619048%,80.952381%,11.428571%
1063,19565,32.923684%,59.004703%,8.071613%
1064,19567,29.079682%,54.219347%,16.700970%
1065,19601,14.500254%,49.137494%,36.362253%
1066,19602,13.420925%,51.221411%,35.357664%
1067,19604,13.610759%,51.654697%,34.734544%
1068,19605,28.934513%,60.863717%,10.201770%
1069,19606,38.731483%,51.182975%,10.085541%
1070,19607,39.535174%,50.613745%,9.851081%
1071,19608,49.294691%,44.896127%,5.809182%
1072,19609,40.988201%,51.622419%,7.389381%
1073,19610,56.861683%,37.892741%,5.245576%
1074,19611,25.549451%,58.272283%,16.178266%
1075,17901,26.056996%,63.413922%,10.529082%
1076,17921,21.655218%,65.996075%,12.348708%
1077,17922,31.575964%,56.377551%,12.046485%
1078,17923,18.928571%,73.214286%,7.857143%
1079,17925,24.550898%,60.479042%,14.970060%
1080,17929,26.672172%,62.014864%,11.312964%
1081,17930,24.277457%,68.786127%,6.936416%
1082,17931,16.931672%,69.015900%,14.052428%
1083,17933,100.000000%,0.000000%,0.000000%
1084,17934,15.204678%,70.175439%,14.619883%
1085,17935,18.190661%,67.898833%,13.910506%
1086,17936,29.690346%,63.387978%,6.921676%
1087,17938,29.002320%,60.498840%,10.498840%
1088,17941,20.289855%,68.659420%,11.050725%
1089,17943,29.670330%,54.945055%,15.384615%
1090,17944,31.632653%,48.979592%,19.387755%
1091,17945,5.042017%,81.512605%,13.445378%
1092,17946,37.931034%,62.068966%,0.000000%
1093,17948,20.048900%,61.613692%,18.337408%
1094,17949,15.736041%,77.157360%,7.106599%
1095,17951,9.467456%,72.189349%,18.343195%
1096,17952,18.848168%,64.921466%,16.230366%
1097,17953,18.537859%,69.973890%,11.488251%
1098,17954,20.208605%,62.320730%,17.470665%
1099,17957,13.168724%,72.427984%,14.403292%
1100,17959,16.010979%,71.820677%,12.168344%
1101,17960,30.744567%,62.023513%,7.231920%
1102,17961,40.724609%,51.118590%,8.156801%
1103,17963,22.879684%,63.859809%,13.260507%
1104,17964,28.595318%,62.541806%,8.862876%
1105,17965,23.630137%,64.931507%,11.438356%
1106,17967,24.857291%,65.386611%,9.756098%
1107,17968,23.857868%,55.329949%,20.812183%
1108,17970,18.702118%,71.248310%,10.049572%
1109,17972,32.411560%,57.698057%,9.890384%
1110,17974,13.821138%,75.203252%,10.975610%
1111,17976,15.808975%,66.055990%,18.135035%
1112,17978,15.384615%,55.769231%,28.846154%
1113,17979,44.936709%,46.202532%,8.860759%
1114,17980,20.765027%,66.985428%,12.249545%
1115,17981,11.613876%,67.320261%,21.065862%
1116,17982,21.823204%,65.469613%,12.707182%
1117,17983,23.888889%,63.703704%,12.407407%
1118,17985,25.161987%,65.658747%,9.179266%
1119,18201,18.482783%,57.788306%,23.728911%
1120,18202,22.071792%,59.930443%,17.997764%
1121,18211,26.528777%,69.694245%,3.776978%
1122,18214,37.559322%,52.271186%,10.169492%
1123,18218,18.696711%,68.453106%,12.850183%
1124,18220,18.439716%,70.212766%,11.347518%
1125,18231,18.000000%,70.285714%,11.714286%
1126,18237,18.922470%,71.747700%,9.329829%
1127,18240,24.783862%,66.246398%,8.969741%
1128,18241,12.385321%,72.247706%,15.366972%
1129,18242,23.741007%,69.784173%,6.474820%
1130,18245,39.669421%,60.330579%,0.000000%
1131,18248,12.765957%,78.959811%,8.274232%
1132,18252,28.537798%,57.271776%,14.190426%
1133,19549,10.937500%,69.270833%,19.791667%
1134,15411,27.476636%,63.925234%,8.598131%
1135,15424,21.320755%,63.962264%,14.716981%
1136,15501,26.457935%,61.185468%,12.356597%
1137,15502,72.500000%,15.000000%,12.500000%
1138,15510,7.897196%,67.850467%,24.252336%
1139,15520,11.320755%,62.735849%,25.943396%
1140,15530,21.759873%,65.041081%,13.199046%
1141,15531,25.025193%,62.176688%,12.798119%
1142,15532,5.343511%,71.755725%,22.900763%
1143,15534,17.397454%,68.316832%,14.285714%
1144,15538,19.965870%,68.600683%,11.433447%
1145,15540,24.840764%,59.872611%,15.286624%
1146,15541,22.100313%,66.065831%,11.833856%
1147,15542,12.274368%,75.571600%,12.154031%
1148,15544,27.272727%,72.727273%,0.000000%
1149,15545,18.441161%,67.142129%,14.416709%
1150,15546,8.333333%,91.666667%,0.000000%
1151,15547,16.071429%,76.785714%,7.142857%
1152,15551,23.950233%,66.251944%,9.797823%
1153,15552,20.108567%,62.945480%,16.945952%
1154,15555,39.189189%,52.702703%,8.108108%
1155,15557,24.802528%,65.284360%,9.913112%
1156,15558,19.392372%,60.698125%,19.909502%
1157,15559,17.408377%,66.688482%,15.903141%
1158,15560,37.931034%,56.034483%,6.034483%
1159,15561,40.875912%,48.905109%,10.218978%
1160,15562,21.000000%,56.000000%,23.000000%
1161,15563,21.833689%,64.818763%,13.347548%
1162,15564,29.411765%,58.823529%,11.764706%
1163,15622,32.126697%,51.131222%,16.742081%
1164,15905,43.124837%,52.957691%,3.917472%
1165,15924,17.496635%,65.814266%,16.689098%
1166,15926,25.650558%,60.382369%,13.967074%
1167,15928,29.225137%,68.395363%,2.379500%
1168,15935,23.707572%,67.728460%,8.563969%
1169,15936,20.221328%,69.818913%,9.959759%
1170,15937,13.611111%,71.388889%,15.000000%
1171,15953,14.285714%,76.190476%,9.523810%
1172,15963,29.920477%,57.952286%,12.127237%
1173,17017,24.361158%,66.269165%,9.369676%
1174,17730,43.589744%,43.589744%,12.820513%
1175,17749,28.063241%,67.984190%,3.952569%
1176,17756,29.785389%,55.560373%,14.654238%
1177,17772,23.781213%,61.058264%,15.160523%
1178,17777,23.180751%,64.730047%,12.089202%
1179,17801,22.062553%,62.299239%,15.638208%
1180,17821,36.629381%,53.736018%,9.634601%
1181,17823,21.871345%,65.497076%,12.631579%
1182,17824,36.512456%,56.192171%,7.295374%
1183,17830,19.343575%,66.410615%,14.245810%
1184,17832,20.156556%,66.144814%,13.698630%
1185,17834,22.892416%,63.104056%,14.003527%
1186,17836,20.245399%,69.325153%,10.429448%
1187,17840,19.512195%,70.731707%,9.756098%
1188,17847,23.865507%,61.509523%,14.624971%
1189,17850,17.943548%,66.733871%,15.322581%
1190,17851,22.620932%,63.482850%,13.896218%
1191,17857,28.295475%,61.008764%,10.695761%
1192,17860,29.778786%,57.855927%,12.365286%
1193,17865,11.764706%,70.588235%,17.647059%
1194,17866,13.591738%,64.554380%,21.853882%
1195,17867,23.622047%,69.291339%,7.086614%
1196,17868,37.787356%,56.321839%,5.890805%
1197,17872,17.645301%,69.415808%,12.938891%
1198,17881,16.260954%,70.496592%,13.242454%
1199,17941,20.289855%,68.659420%,11.050725%
1200,17964,28.595318%,62.541806%,8.862876%
1201,15711,19.877676%,73.700306%,6.422018%
1202,15715,27.371274%,67.208672%,5.420054%
1203,15730,21.428571%,59.523810%,19.047619%
1204,15733,28.395062%,67.901235%,3.703704%
1205,15744,33.644860%,53.271028%,13.084112%
1206,15764,26.446281%,62.809917%,10.743802%
1207,15767,24.822134%,61.403162%,13.774704%
1208,15770,15.822785%,43.037975%,41.139241%
1209,15776,14.583333%,62.500000%,22.916667%
1210,15778,13.157895%,78.070175%,8.771930%
1211,15780,14.754098%,81.147541%,4.098361%
1212,15781,70.000000%,30.000000%,0.000000%
1213,15784,21.739130%,73.913043%,4.347826%
1214,15823,29.189687%,63.443831%,7.366483%
1215,15824,28.268156%,62.988827%,8.743017%
1216,15825,26.641566%,62.981928%,10.376506%
1217,15828,30.508475%,59.745763%,9.745763%
1218,15829,27.777778%,65.858586%,6.363636%
1219,15840,23.702186%,70.423497%,5.874317%
1220,15847,3.846154%,70.329670%,25.824176%
1221,15851,20.188801%,69.427162%,10.384038%
1222,15853,29.131653%,64.037923%,6.830424%
1223,15860,23.349057%,66.155660%,10.495283%
1224,15863,7.177033%,77.511962%,15.311005%
1225,15864,25.956062%,64.768104%,9.275834%
1226,15865,25.945946%,61.081081%,12.972973%
1227,16217,34.246575%,60.273973%,5.479452%
1228,16222,20.432099%,63.024691%,16.543210%
1229,16240,13.367347%,72.653061%,13.979592%
1230,15829,27.777778%,65.858586%,6.363636%
1231,15860,23.349057%,66.155660%,10.495283%
1232,15864,25.956062%,64.768104%,9.275834%
1233,16028,21.705426%,66.243834%,12.050740%
1234,16036,34.131737%,55.089820%,10.778443%
1235,16049,17.568807%,70.137615%,12.293578%
1236,16054,17.391304%,64.214047%,18.394649%
1237,16213,7.692308%,74.038462%,18.269231%
1238,16214,43.976865%,46.769047%,9.254089%
1239,16224,22.197309%,58.968610%,18.834081%
1240,16230,13.636364%,65.384615%,20.979021%
1241,16232,27.751835%,61.607738%,10.640427%
1242,16233,29.501085%,61.062907%,9.436009%
1243,16235,31.428571%,59.047619%,9.523810%
1244,16240,13.367347%,72.653061%,13.979592%
1245,16242,23.118767%,61.922031%,14.959202%
1246,16248,19.812646%,66.651054%,13.536300%
1247,16254,32.813142%,58.110883%,9.075975%
1248,16255,24.980111%,65.234686%,9.785203%
1249,16258,24.508427%,62.289326%,13.202247%
1250,16260,31.223629%,59.493671%,9.282700%
1251,16319,21.505376%,72.150538%,6.344086%
1252,16326,25.249169%,72.757475%,1.993355%
1253,16331,37.500000%,57.142857%,5.357143%
1254,16332,8.333333%,70.833333%,20.833333%
1255,16334,22.540984%,69.672131%,7.786885%
1256,16353,22.583779%,60.903351%,16.512870%
1257,16361,16.981132%,43.396226%,39.622642%
1258,16364,21.040189%,66.430260%,12.529551%
1259,16373,25.884460%,64.532020%,9.583520%
1260,18403,42.699071%,49.140486%,8.160443%
1261,18407,26.938319%,61.904278%,11.157403%
1262,18411,53.226948%,42.487613%,4.285439%
1263,18414,43.733950%,51.900360%,4.365691%
1264,18419,34.813614%,58.379254%,6.807131%
1265,18420,0.000000%,85.714286%,14.285714%
1266,18421,26.182965%,64.064143%,9.752892%
1267,18424,33.671347%,58.658346%,7.670307%
1268,18433,36.272251%,56.963351%,6.764398%
1269,18434,38.634739%,53.216583%,8.148678%
1270,18436,30.702588%,61.119915%,8.177496%
1271,18444,36.818049%,55.246523%,7.935427%
1272,18446,26.739640%,62.666145%,10.594214%
1273,18447,36.239316%,56.544567%,7.216117%
1274,18452,34.903192%,57.509158%,7.587650%
1275,18471,83.595506%,16.404494%,0.000000%
1276,18503,33.002208%,50.331126%,16.666667%
1277,18504,27.152223%,60.283637%,12.564139%
1278,18505,29.633034%,54.196422%,16.170544%
1279,18507,38.455435%,50.912457%,10.632108%
1280,18508,19.630675%,66.490238%,13.879087%
1281,18509,37.063184%,50.829509%,12.107307%
1282,18510,37.318394%,45.333662%,17.347944%
1283,18512,36.386622%,57.073900%,6.539478%
1284,18517,24.954745%,63.822084%,11.223170%
1285,18518,33.349049%,59.123055%,7.527896%
1286,18519,30.524554%,60.491071%,8.984375%
1287,18615,26.514032%,66.174298%,7.311669%
1288,18641,32.105701%,60.008323%,7.885976%
1289,18653,14.444444%,77.777778%,7.777778%
1290,07881,0.000000%,66.666667%,33.333333%
1291,18302,30.944543%,59.626910%,9.428547%
1292,18324,27.266932%,56.254980%,16.478088%
1293,18325,33.568713%,61.705595%,4.725693%
1294,18328,27.065026%,59.382933%,13.552041%
1295,18336,31.365936%,58.077572%,10.556492%
1296,18337,37.347397%,56.441059%,6.211544%
1297,18340,64.601770%,26.548673%,8.849558%
1298,18371,49.218750%,50.781250%,0.000000%
1299,18405,27.896104%,62.649351%,9.454545%
1300,18425,27.127660%,63.510638%,9.361702%
1301,18426,33.926954%,61.424691%,4.648355%
1302,18428,30.620155%,61.295681%,8.084164%
1303,18435,49.462366%,41.935484%,8.602151%
1304,18445,30.740741%,60.158730%,9.100529%
1305,18451,45.652174%,47.173913%,7.173913%
1306,18457,0.000000%,80.487805%,19.512195%
1307,18458,41.390424%,49.861878%,8.747698%
1308,18460,34.586466%,51.127820%,14.285714%
1309,18464,42.350557%,52.077001%,5.572442%
1310,19003,66.521448%,27.558088%,5.920465%
1311,19008,45.203584%,47.410726%,7.385690%
1312,19010,76.460353%,21.517939%,2.021709%
1313,19013,15.520647%,64.184931%,20.294422%
1314,19014,37.870592%,54.892160%,7.237248%
1315,19015,31.339183%,56.633874%,12.026943%
1316,19017,46.818182%,48.181818%,5.000000%
1317,19018,32.911996%,59.694729%,7.393275%
1318,19022,19.470143%,68.629100%,11.900757%
1319,19023,24.992664%,62.881455%,12.125880%
1320,19026,49.103327%,46.724587%,4.172087%
1321,19029,20.571630%,70.995060%,8.433310%
1322,19032,32.200609%,58.940708%,8.858683%
1323,19033,35.559322%,58.728814%,5.711864%
1324,19036,30.077309%,61.951525%,7.971166%
1325,19041,82.194767%,16.279070%,1.526163%
1326,19043,28.111814%,63.396624%,8.491561%
1327,19050,40.276976%,51.833395%,7.889629%
1328,19060,58.702141%,39.857236%,1.440623%
1329,19061,25.904735%,63.352882%,10.742383%
1330,19063,62.493733%,34.482626%,3.023641%
1331,19064,51.913324%,43.487782%,4.598893%
1332,19070,43.204550%,48.538929%,8.256521%
1333,19073,64.523810%,32.521008%,2.955182%
1334,19074,31.066268%,61.609367%,7.324365%
1335,19076,30.737038%,60.009300%,9.253662%
1336,19078,33.659685%,57.888214%,8.452101%
1337,19079,24.821161%,67.576110%,7.602728%
1338,19081,62.424143%,34.492373%,3.083484%
1339,19082,28.952411%,54.315098%,16.732491%
1340,19083,58.633223%,37.788074%,3.578704%
1341,19085,83.405995%,16.103542%,0.490463%
1342,19086,66.473009%,29.932220%,3.594771%
1343,19087,79.087180%,18.370851%,2.541969%
1344,19094,22.936109%,63.244795%,13.819095%
1345,19096,84.523810%,14.451346%,1.024845%
1346,19113,18.681319%,73.626374%,7.692308%
1347,19312,84.573140%,13.667000%,1.759860%
1348,19317,72.272861%,26.595119%,1.132020%
1349,19319,14.000000%,86.000000%,0.000000%
1350,19342,62.245049%,35.486255%,2.268696%
1351,19373,41.903367%,42.723280%,15.373353%
1352,19382,64.699272%,31.306009%,3.994719%
1353,17756,29.785389%,55.560373%,14.654238%
1354,17772,23.781213%,61.058264%,15.160523%
1355,17777,23.180751%,64.730047%,12.089202%
1356,17815,33.901739%,56.964376%,9.133885%
1357,17820,34.021901%,58.163265%,7.814833%
1358,17821,36.629381%,53.736018%,9.634601%
1359,17822,Not applicable,Not applicable,Not applicable
1360,17847,23.865507%,61.509523%,14.624971%
1361,17884,12.432432%,70.810811%,16.756757%
1362,18407,26.938319%,61.904278%,11.157403%
1363,18413,3.048780%,58.536585%,38.414634%
1364,18419,34.813614%,58.379254%,6.807131%
1365,18421,26.182965%,64.064143%,9.752892%
1366,18430,25.000000%,75.000000%,0.000000%
1367,18441,8.653846%,82.692308%,8.653846%
1368,18446,26.739640%,62.666145%,10.594214%
1369,18465,30.259067%,57.409326%,12.331606%
1370,18470,34.496920%,57.357974%,8.145106%
1371,18623,17.552083%,67.187500%,15.260417%
1372,18630,16.696670%,71.827183%,11.476148%
1373,18801,30.415828%,61.938296%,7.645875%
1374,18812,37.145174%,55.636659%,7.218167%
1375,18816,39.534884%,51.162791%,9.302326%
1376,18818,25.641026%,60.512821%,13.846154%
1377,18821,16.901408%,70.187793%,12.910798%
1378,18822,21.086009%,65.200159%,13.713833%
1379,18823,23.566879%,55.414013%,21.019108%
1380,18824,20.517928%,69.721116%,9.760956%
1381,18825,43.820225%,43.820225%,12.359551%
1382,18826,24.919872%,66.346154%,8.733974%
1383,18828,14.345992%,54.008439%,31.645570%
1384,18830,22.900763%,62.977099%,14.122137%
1385,18834,23.253012%,65.943775%,10.803213%
1386,18842,30.841121%,66.355140%,2.803738%
1387,18843,21.739130%,78.260870%,0.000000%
1388,18844,22.799423%,64.357864%,12.842713%
1389,18847,23.731307%,64.255945%,12.012748%
1390,18041,37.413148%,56.360235%,6.226617%
1391,18054,34.454605%,60.254735%,5.290660%
1392,18070,12.838802%,81.597718%,5.563481%
1393,18073,40.150932%,52.333282%,7.515786%
1394,18074,41.982977%,50.034507%,7.982517%
1395,18076,36.475024%,54.806786%,8.718190%
1396,18915,46.371681%,47.433628%,6.194690%
1397,18936,Not applicable,Not applicable,Not applicable
1398,18964,39.821540%,50.498029%,9.680432%
1399,18969,36.944856%,53.728719%,9.326425%
1400,19001,49.429309%,45.097059%,5.473632%
1401,19002,65.815189%,30.168867%,4.015944%
1402,19003,66.521448%,27.558088%,5.920465%
1403,19004,76.795743%,19.893586%,3.310671%
1404,19006,58.242463%,35.914047%,5.843489%
1405,19009,66.736842%,30.947368%,2.315789%
1406,19010,76.460353%,21.517939%,2.021709%
1407,19012,55.603157%,39.436302%,4.960541%
1408,19025,77.304779%,20.057456%,2.637764%
1409,19027,59.724588%,36.392675%,3.882737%
1410,19031,62.065972%,32.725694%,5.208333%
1411,19034,67.779323%,27.932313%,4.288363%
1412,19035,80.914718%,17.400275%,1.685007%
1413,19038,58.363498%,36.835588%,4.800914%
1414,19040,42.017156%,52.172108%,5.810736%
1415,19041,82.194767%,16.279070%,1.526163%
1416,19044,50.440309%,42.778030%,6.781661%
1417,19046,65.536907%,31.644126%,2.818967%
1418,19066,89.809630%,9.154535%,1.035834%
1419,19072,81.680177%,16.403832%,1.915991%
1420,19075,60.069303%,37.647778%,2.282919%
1421,19083,58.633223%,37.788074%,3.578704%
1422,19085,83.405995%,16.103542%,0.490463%
1423,19087,79.087180%,18.370851%,2.541969%
1424,19090,42.553354%,50.457317%,6.989329%
1425,19095,57.115677%,35.159817%,7.724505%
1426,19096,84.523810%,14.451346%,1.024845%
1427,19118,71.511315%,23.383621%,5.105065%
1428,19150,33.540123%,57.349647%,9.110230%
1429,19401,31.215895%,51.427172%,17.356933%
1430,19403,51.173874%,42.870508%,5.955618%
1431,19405,31.406650%,55.524297%,13.069054%
1432,19406,61.467043%,33.464045%,5.068912%
1433,19422,65.399240%,31.782599%,2.818161%
1434,19426,56.449704%,38.644780%,4.905516%
1435,19428,58.805428%,36.002840%,5.191731%
1436,19435,76.666667%,23.333333%,0.000000%
1437,19436,72.064777%,25.708502%,2.226721%
1438,19437,82.449726%,17.550274%,0.000000%
1439,19438,55.220837%,40.205104%,4.574059%
1440,19440,47.085610%,44.064967%,8.849423%
1441,19444,68.384664%,28.585795%,3.029541%
1442,19446,55.257865%,39.070842%,5.671293%
1443,19453,45.652174%,51.606805%,2.741021%
1444,19454,61.696089%,34.585598%,3.718313%
1445,19456,59.615385%,32.884615%,7.500000%
1446,19460,59.049010%,36.133431%,4.817559%
1447,19462,52.880489%,40.217292%,6.902219%
1448,19464,33.684710%,54.922444%,11.392846%
1449,19468,49.191082%,45.944293%,4.864624%
1450,19472,0.000000%,100.000000%,0.000000%
1451,19473,49.913408%,44.189226%,5.897366%
1452,19474,54.122622%,43.340381%,2.536998%
1453,19477,20.000000%,63.200000%,16.800000%
1454,19492,33.505155%,49.484536%,17.010309%
1455,19504,35.890629%,58.667375%,5.441996%
1456,19505,28.053517%,62.926198%,9.020285%
1457,19512,28.243852%,59.697952%,12.058196%
1458,19525,48.919151%,46.395581%,4.685268%
1459,15003,30.152718%,60.952963%,8.894319%
1460,15005,39.221027%,54.936674%,5.842299%
1461,15006,56.074766%,43.925234%,0.000000%
1462,15007,50.420168%,49.579832%,0.000000%
1463,15014,28.662132%,63.673469%,7.664399%
1464,15015,76.304348%,21.413043%,2.282609%
1465,15017,47.836028%,46.398824%,5.765148%
1466,15018,21.915584%,72.889610%,5.194805%
1467,15020,41.818182%,55.909091%,2.272727%
1468,15024,42.084827%,51.493429%,6.421744%
1469,15025,43.788739%,50.973374%,5.237887%
1470,15026,30.673617%,63.191660%,6.134723%
1471,15028,17.948718%,72.649573%,9.401709%
1472,15030,34.313725%,56.740196%,8.946078%
1473,15031,12.676056%,64.788732%,22.535211%
1474,15034,27.068724%,67.461431%,5.469846%
1475,15035,28.382838%,67.062706%,4.554455%
1476,15037,36.184451%,58.267429%,5.548120%
1477,15044,62.507795%,34.389940%,3.102266%
1478,15045,25.395349%,64.279070%,10.325581%
1479,15046,41.928609%,51.944592%,6.126798%
1480,15047,73.846154%,26.153846%,0.000000%
1481,15049,29.775281%,61.516854%,8.707865%
1482,15051,46.103896%,39.610390%,14.285714%
1483,15056,40.625000%,49.884259%,9.490741%
1484,15057,45.149912%,47.730437%,7.119651%
1485,15063,34.825930%,57.058824%,8.115246%
1486,15064,33.333333%,61.538462%,5.128205%
1487,15065,35.634902%,58.429889%,5.935209%
1488,15068,36.288019%,54.962159%,8.749822%
1489,15071,49.014556%,45.845678%,5.139766%
1490,15075,21.965318%,78.034682%,0.000000%
1491,15076,30.332410%,44.459834%,25.207756%
1492,15082,15.929204%,84.070796%,0.000000%
1493,15084,31.002233%,61.948632%,7.049135%
1494,15085,42.964780%,52.864903%,4.170317%
1495,15086,50.234742%,49.765258%,0.000000%
1496,15088,18.678161%,70.977011%,10.344828%
1497,15089,31.056981%,61.852980%,7.090039%
1498,15090,77.051173%,21.733317%,1.215510%
1499,15101,59.020939%,36.893039%,4.086022%
1500,15102,55.108402%,40.592199%,4.299400%
1501,15104,22.078138%,65.120532%,12.801330%
1502,15106,40.373145%,54.861978%,4.764877%
1503,15108,53.133293%,39.923114%,6.943594%
1504,15110,20.553360%,68.774704%,10.671937%
1505,15112,32.671480%,59.296029%,8.032491%
1506,15116,51.400622%,44.455313%,4.144064%
1507,15120,36.827596%,55.781553%,7.390851%
1508,15122,34.313592%,59.402293%,6.284116%
1509,15126,49.662748%,41.510888%,8.826363%
1510,15129,52.230459%,45.103394%,2.666146%
1511,15131,37.420258%,57.522950%,5.056792%
1512,15132,22.083828%,64.735732%,13.180440%
1513,15133,25.747885%,67.216835%,7.035280%
1514,15135,37.065637%,59.253539%,3.680824%
1515,15136,35.732105%,54.986247%,9.281648%
1516,15137,29.839142%,63.967828%,6.193029%
1517,15139,55.689451%,38.502568%,5.807981%
1518,15140,28.782453%,62.264996%,8.952551%
1519,15142,74.062500%,24.583333%,1.354167%
1520,15143,66.413662%,30.114555%,3.471783%
1521,15144,31.948782%,62.148657%,5.902561%
1522,15145,32.665211%,62.214725%,5.120064%
1523,15146,49.420723%,45.706811%,4.872466%
1524,15147,40.449944%,51.023622%,8.526434%
1525,15148,20.934066%,69.340659%,9.725275%
1526,15201,53.500898%,39.068422%,7.430680%
1527,15202,48.656616%,45.721943%,5.621441%
1528,15203,58.744933%,35.820447%,5.434619%
1529,15204,33.098228%,57.509031%,9.392740%
1530,15205,43.929548%,49.620407%,6.450046%
1531,15206,53.427400%,39.371155%,7.201445%
1532,15207,35.282392%,57.253599%,7.464009%
1533,15208,52.154617%,38.783107%,9.062276%
1534,15209,38.044985%,55.154035%,6.800981%
1535,15210,26.457575%,61.562588%,11.979838%
1536,15211,51.177885%,43.329327%,5.492788%
1537,15212,39.455038%,50.109409%,10.435553%
1538,15213,66.466057%,26.564757%,6.969186%
1539,15214,37.387615%,53.965047%,8.647338%
1540,15215,56.872510%,36.686587%,6.440903%
1541,15216,52.264767%,41.810626%,5.924607%
1542,15217,76.318229%,20.952626%,2.729145%
1543,15218,57.375961%,38.649085%,3.974955%
1544,15219,26.540448%,59.345955%,14.113597%
1545,15220,55.497616%,39.094160%,5.408224%
1546,15221,45.734205%,47.250545%,7.015251%
1547,15222,76.654412%,21.948529%,1.397059%
1548,15223,38.986616%,54.913958%,6.099426%
1549,15224,49.622166%,44.044620%,6.333213%
1550,15225,32.372506%,57.760532%,9.866962%
1551,15226,40.565665%,51.077927%,8.356408%
1552,15227,39.428983%,51.060461%,9.510557%
1553,15228,76.782334%,21.230284%,1.987382%
1554,15229,51.085468%,43.457853%,5.456679%
1555,15232,84.481143%,13.199813%,2.319044%
1556,15233,26.149188%,61.354253%,12.496559%
1557,15234,42.517429%,51.542355%,5.940216%
1558,15235,44.296155%,50.810296%,4.893549%
1559,15236,44.718405%,51.006018%,4.275577%
1560,15237,59.481865%,35.836081%,4.682054%
1561,15238,68.490176%,27.621510%,3.888314%
1562,15239,46.406219%,48.771329%,4.822452%
1563,15241,74.449308%,24.011579%,1.539113%
1564,15243,65.210903%,31.257461%,3.531635%
1565,15260,Not applicable,Not applicable,Not applicable
1566,15290,Not applicable,Not applicable,Not applicable
1567,15332,34.435828%,60.310176%,5.253996%
1568,15642,46.156899%,49.700855%,4.142247%
1569,15668,61.329152%,35.909367%,2.761481%
1570,16046,69.710050%,27.850239%,2.439711%
1571,16055,36.288089%,59.879963%,3.831948%
1572,16059,45.864534%,50.901974%,3.233492%
1573,18013,28.119536%,60.840884%,11.039580%
1574,18014,26.678571%,62.678571%,10.642857%
1575,18015,35.987709%,49.778657%,14.233634%
1576,18017,42.633766%,47.926083%,9.440152%
1577,18018,34.716372%,55.403710%,9.879918%
1578,18020,45.602385%,48.292452%,6.105163%
1579,18032,31.348538%,61.610286%,7.041176%
1580,18035,33.636364%,50.909091%,15.454545%
1581,18038,26.060029%,61.505479%,12.434493%
1582,18040,51.245613%,43.027138%,5.727249%
1583,18042,29.131212%,57.350733%,13.518055%
1584,18045,42.702094%,51.374597%,5.923309%
1585,18055,36.827743%,55.179079%,7.993178%
1586,18063,18.352941%,76.000000%,5.647059%
1587,18064,42.025598%,49.376739%,8.597663%
1588,18067,34.400061%,55.961568%,9.638372%
1589,18072,28.820160%,61.672394%,9.507446%
1590,18077,48.870392%,47.919144%,3.210464%
1591,18083,21.776504%,63.037249%,15.186246%
1592,18085,50.840336%,42.857143%,6.302521%
1593,18086,47.794118%,39.215686%,12.990196%
1594,18088,31.727766%,59.888213%,8.384021%
1595,18091,29.104824%,58.603896%,12.291280%
1596,18109,23.252346%,59.538637%,17.209017%
1597,18343,24.991843%,64.567700%,10.440457%
1598,18351,40.437158%,50.546448%,9.016393%
1599,17019,37.788513%,54.205966%,8.005521%
1600,17222,36.992989%,50.888833%,12.118177%
1601,17301,20.332226%,61.960133%,17.707641%
1602,17304,26.718750%,58.854167%,14.427083%
1603,17306,14.814815%,69.135802%,16.049383%
1604,17307,27.288095%,60.806568%,11.905337%
1605,17316,28.273909%,62.645785%,9.080307%
1606,17320,39.189919%,53.501350%,7.308731%
1607,17324,18.357488%,63.630090%,18.012422%
1608,17325,35.014363%,52.143845%,12.841792%
1609,17331,28.095133%,59.819899%,12.084968%
1610,17340,31.396126%,57.982632%,10.621242%
1611,17343,Not applicable,Not applicable,Not applicable
1612,17344,18.302277%,69.358178%,12.339545%
1613,17350,21.455224%,65.046093%,13.498683%
1614,17353,35.103926%,55.966128%,8.929946%
1615,17372,25.050234%,57.367716%,17.582050%
1616,15044,62.507795%,34.389940%,3.102266%
1617,15086,50.234742%,49.765258%,0.000000%
1618,16001,34.601107%,57.559395%,7.839498%
1619,16002,38.002861%,52.467370%,9.529769%
1620,16020,21.498771%,65.601966%,12.899263%
1621,16022,16.203704%,63.425926%,20.370370%
1622,16023,27.694656%,62.198473%,10.106870%
1623,16024,27.604167%,60.937500%,11.458333%
1624,16025,25.658063%,67.927421%,6.414516%
1625,16027,38.311688%,55.194805%,6.493506%
1626,16029,27.663230%,65.979381%,6.357388%
1627,16030,12.121212%,70.562771%,17.316017%
1628,16033,40.425532%,53.026005%,6.548463%
1629,16034,24.084919%,66.837482%,9.077599%
1630,16035,23.333333%,76.666667%,0.000000%
1631,16037,40.567201%,53.020962%,6.411837%
1632,16038,25.197472%,61.927330%,12.875197%
1633,16040,20.679012%,65.895062%,13.425926%
1634,16041,17.269625%,68.600683%,14.129693%
1635,16045,26.547455%,64.786795%,8.665750%
1636,16046,69.710050%,27.850239%,2.439711%
1637,16048,21.093750%,69.531250%,9.375000%
1638,16049,17.568807%,70.137615%,12.293578%
1639,16050,22.739481%,68.039391%,9.221128%
1640,16051,30.553037%,63.191296%,6.255666%
1641,16052,40.726257%,53.519553%,5.754190%
1642,16053,44.886907%,48.964638%,6.148455%
1643,16055,36.288089%,59.879963%,3.831948%
1644,16056,36.376564%,57.593857%,6.029579%
1645,16057,38.317343%,52.634686%,9.047970%
1646,16059,45.864534%,50.901974%,3.233492%
1647,16061,28.155844%,66.077922%,5.766234%
1648,16063,50.832819%,42.751388%,6.415793%
1649,16066,64.673454%,32.118202%,3.208344%
1650,16127,40.214962%,50.952432%,8.832606%
1651,16229,35.465116%,58.942414%,5.592470%
1652,16373,25.884460%,64.532020%,9.583520%
1653,16930,32.700893%,60.267857%,7.031250%
1654,16938,23.308271%,62.218045%,14.473684%
1655,17701,30.581113%,58.124979%,11.293908%
1656,17702,32.339047%,60.048590%,7.612363%
1657,17723,28.571429%,48.571429%,22.857143%
1658,17724,20.416922%,66.217045%,13.366033%
1659,17727,36.619718%,52.112676%,11.267606%
1660,17728,33.452250%,56.476400%,10.071350%
1661,17737,29.763561%,60.083449%,10.152990%
1662,17739,9.523810%,80.952381%,9.523810%
1663,17740,28.278593%,60.179362%,11.542045%
1664,17742,50.000000%,27.777778%,22.222222%
1665,17744,23.159636%,63.110008%,13.730356%
1666,17745,28.963334%,59.210411%,11.826255%
1667,17752,24.263992%,63.992236%,11.743772%
1668,17754,41.654949%,49.691725%,8.653326%
1669,17756,29.785389%,55.560373%,14.654238%
1670,17758,18.672840%,70.524691%,10.802469%
1671,17762,36.103896%,58.961039%,4.935065%
1672,17763,24.590164%,57.377049%,18.032787%
1673,17765,21.733506%,63.777490%,14.489004%
1674,17771,25.332226%,62.541528%,12.126246%
1675,17774,19.721116%,65.737052%,14.541833%
1676,17776,12.449799%,75.502008%,12.048193%
1677,17810,14.828897%,69.781869%,15.389234%
1678,17814,24.644412%,65.428157%,9.927431%
1679,17846,28.727273%,60.909091%,10.363636%
1680,17002,7.345972%,44.075829%,48.578199%
1681,17004,18.333880%,48.999672%,32.666448%
1682,17009,17.938931%,70.763359%,11.297710%
1683,17029,15.637860%,60.082305%,24.279835%
1684,17044,17.849392%,69.654719%,12.495890%
1685,17051,15.153319%,70.259006%,14.587675%
1686,17063,15.689655%,64.870690%,19.439655%
1687,17066,19.055036%,66.640706%,14.304258%
1688,17075,6.250000%,73.437500%,20.312500%
1689,17084,31.773879%,49.057830%,19.168291%
1690,17099,14.252336%,63.084112%,22.663551%
1691,17841,17.482100%,60.590692%,21.927208%
1692,16720,12.273212%,73.212380%,14.514408%
1693,16743,27.364621%,63.610108%,9.025271%
1694,16746,19.396552%,72.521552%,8.081897%
1695,16748,21.608833%,66.982124%,11.409043%
1696,16915,31.012658%,58.743554%,10.243788%
1697,16922,20.505810%,67.532468%,11.961722%
1698,16923,19.269406%,67.945205%,12.785388%
1699,16927,13.107822%,64.693446%,22.198732%
1700,16937,6.395349%,76.162791%,17.441860%
1701,16941,13.953488%,79.069767%,6.976744%
1702,16943,11.666667%,65.555556%,22.777778%
1703,16948,19.836957%,63.677536%,16.485507%
1704,16950,17.916186%,63.091119%,18.992695%
1705,17729,10.416667%,85.416667%,4.166667%
1706,15533,21.549156%,59.781529%,18.669315%
1707,15536,23.398329%,70.194986%,6.406685%
1708,16674,20.286885%,62.704918%,17.008197%
1709,16689,18.654434%,64.220183%,17.125382%
1710,16691,21.495327%,61.682243%,16.822430%
1711,16694,15.333333%,64.666667%,20.000000%
1712,17212,17.590822%,66.730402%,15.678776%
1713,17215,22.500000%,65.000000%,12.500000%
1714,17223,10.526316%,67.293233%,22.180451%
1715,17224,12.027027%,74.797297%,13.175676%
1716,17228,21.121252%,68.448501%,10.430248%
1717,17229,18.378378%,70.918919%,10.702703%
1718,17233,21.102662%,66.051059%,12.846279%
1719,17236,22.606889%,57.382725%,20.010386%
1720,17238,20.191471%,67.275892%,12.532637%
1721,17264,15.997491%,70.639900%,13.362610%
1722,17267,19.406737%,68.476621%,12.116642%
1723,15870,24.387646%,67.731629%,7.880724%
1724,16333,23.744292%,63.013699%,13.242009%
1725,16701,25.616587%,62.870997%,11.512415%
1726,16720,12.273212%,73.212380%,14.514408%
1727,16724,22.619048%,66.666667%,10.714286%
1728,16725,44.910180%,34.131737%,20.958084%
1729,16726,20.588235%,67.401961%,12.009804%
1730,16727,29.285714%,66.428571%,4.285714%
1731,16729,26.677852%,64.932886%,8.389262%
1732,16730,23.188406%,69.565217%,7.246377%
1733,16731,21.342134%,65.841584%,12.816282%
1734,16732,18.012422%,74.844720%,7.142857%
1735,16733,15.950920%,68.098160%,15.950920%
1736,16735,26.720742%,64.519119%,8.760139%
1737,16738,18.446602%,73.878872%,7.674526%
1738,16740,20.350404%,68.463612%,11.185984%
1739,16743,27.364621%,63.610108%,9.025271%
1740,16744,1.818182%,67.727273%,30.454545%
1741,16745,23.056995%,64.766839%,12.176166%
1742,16748,21.608833%,66.982124%,11.409043%
1743,16749,26.507208%,64.121887%,9.370904%
1744,16750,27.760252%,64.984227%,7.255521%
1745,15012,36.193242%,57.963745%,5.843013%
1746,15018,21.915584%,72.889610%,5.194805%
1747,15062,28.744939%,61.520859%,9.734202%
1748,15068,36.288019%,54.962159%,8.749822%
1749,15072,7.194245%,74.100719%,18.705036%
1750,15083,16.065574%,73.606557%,10.327869%
1751,15085,42.964780%,52.864903%,4.170317%
1752,15087,6.060606%,78.181818%,15.757576%
1753,15089,31.056981%,61.852980%,7.090039%
1754,15131,37.420258%,57.522950%,5.056792%
1755,15137,29.839142%,63.967828%,6.193029%
1756,15146,49.420723%,45.706811%,4.872466%
1757,15448,4.419890%,70.165746%,25.414365%
1758,15479,29.359673%,62.670300%,7.970027%
1759,15501,26.457935%,61.185468%,12.356597%
1760,15531,25.025193%,62.176688%,12.798119%
1761,15601,43.192918%,49.924861%,6.882220%
1762,15610,31.401475%,56.410256%,12.188268%
1763,15611,40.485830%,58.299595%,1.214575%
1764,15612,10.256410%,82.371795%,7.371795%
1765,15613,30.163781%,62.302293%,7.533926%
1766,15615,19.607843%,80.392157%,0.000000%
1767,15616,0.000000%,46.000000%,54.000000%
1768,15617,19.580420%,64.685315%,15.734266%
1769,15618,21.685393%,67.584270%,10.730337%
1770,15620,9.133127%,71.207430%,19.659443%
1771,15621,0.000000%,100.000000%,0.000000%
1772,15622,32.126697%,51.131222%,16.742081%
1773,15623,20.508167%,58.983666%,20.508167%
1774,15624,23.448276%,60.000000%,16.551724%
1775,15625,40.540541%,49.549550%,9.909910%
1776,15626,41.492837%,52.349837%,6.157326%
1777,15627,25.217752%,65.159685%,9.622563%
1778,15628,23.430962%,59.623431%,16.945607%
1779,15629,20.398010%,72.968491%,6.633499%
1780,15632,49.832112%,43.253968%,6.913919%
1781,15633,21.681416%,53.539823%,24.778761%
1782,15634,21.010638%,69.148936%,9.840426%
1783,15635,25.210084%,74.789916%,0.000000%
1784,15636,56.278714%,40.964778%,2.756508%
1785,15637,28.399433%,66.926346%,4.674221%
1786,15638,9.384164%,64.222874%,26.392962%
1787,15639,28.881988%,65.838509%,5.279503%
1788,15640,38.605898%,57.908847%,3.485255%
1789,15641,21.362229%,72.755418%,5.882353%
1790,15642,46.156899%,49.700855%,4.142247%
1791,15644,33.711933%,59.948889%,6.339178%
1792,15646,22.222222%,67.283951%,10.493827%
1793,15647,4.166667%,95.833333%,0.000000%
1794,15650,33.841685%,58.455234%,7.703081%
1795,15655,47.872340%,46.808511%,5.319149%
1796,15656,35.151263%,56.841521%,8.007216%
1797,15658,40.919952%,52.971924%,6.108124%
1798,15660,21.311475%,53.688525%,25.000000%
1799,15661,22.976501%,65.796345%,11.227154%
1800,15662,0.000000%,100.000000%,0.000000%
1801,15663,20.900322%,71.061093%,8.038585%
1802,15665,32.988625%,58.738366%,8.273009%
1803,15666,30.138765%,60.309989%,9.551246%
1804,15668,61.329152%,35.909367%,2.761481%
1805,15670,23.692752%,69.419401%,6.887847%
1806,15671,42.315789%,55.368421%,2.315789%
1807,15672,38.668180%,57.737420%,3.594400%
1808,15675,16.767372%,79.003021%,4.229607%
1809,15676,32.467532%,58.441558%,9.090909%
1810,15677,37.383178%,57.632399%,4.984424%
1811,15678,25.342466%,60.958904%,13.698630%
1812,15679,21.297672%,70.133730%,8.568598%
1813,15680,34.693878%,53.061224%,12.244898%
1814,15681,27.089255%,64.667425%,8.243320%
1815,15683,32.445726%,61.363636%,6.190638%
1816,15684,15.151515%,82.683983%,2.164502%
1817,15687,18.369565%,70.652174%,10.978261%
1818,15688,19.919786%,74.064171%,6.016043%
1819,15689,34.684685%,59.459459%,5.855856%
1820,15690,23.404932%,65.966587%,10.628481%
1821,15691,0.000000%,51.764706%,48.235294%
1822,15692,27.464009%,58.028793%,14.507198%
1823,15693,0.000000%,100.000000%,0.000000%
1824,15695,19.718310%,71.478873%,8.802817%
1825,15696,32.394366%,59.624413%,7.981221%
1826,15697,29.082353%,60.517647%,10.400000%
1827,15698,21.311475%,77.213115%,1.475410%
1828,15717,26.391097%,64.745628%,8.863275%
1829,15779,27.620968%,63.306452%,9.072581%
1830,15923,20.398912%,69.718948%,9.882140%
1831,15944,24.221022%,64.312422%,11.466556%
1832,15954,22.517846%,64.373783%,13.108371%
1833,16229,35.465116%,58.942414%,5.592470%
1834,17045,24.376731%,58.448753%,17.174515%
1835,17063,15.689655%,64.870690%,19.439655%
1836,17086,15.921963%,67.400881%,16.677155%
1837,17812,15.434783%,63.804348%,20.760870%
1838,17813,19.863014%,65.547945%,14.589041%
1839,17827,30.581614%,59.849906%,9.568480%
1840,17841,17.482100%,60.590692%,21.927208%
1841,17842,20.686159%,65.455467%,13.858374%
1842,17853,12.358491%,55.471698%,32.169811%
1843,17861,63.414634%,36.585366%,0.000000%
1844,17862,12.953368%,77.979275%,9.067358%
1845,17864,15.461704%,48.604152%,35.934145%
1846,17870,33.219796%,53.346023%,13.434182%
1847,17876,30.929487%,61.298077%,7.772436%
1848,17889,35.360000%,51.093333%,13.546667%
1849,18030,23.662885%,67.909238%,8.427877%
1850,18058,26.511565%,64.155282%,9.333153%
1851,18071,24.302264%,58.464982%,17.232754%
1852,18201,18.482783%,57.788306%,23.728911%
1853,18210,29.302853%,66.616286%,4.080862%
1854,18211,26.528777%,69.694245%,3.776978%
1855,18212,32.558140%,48.837209%,18.604651%
1856,18216,14.324693%,79.809004%,5.866303%
1857,18229,28.807592%,62.574621%,8.617787%
1858,18230,10.294118%,82.352941%,7.352941%
1859,18232,22.778382%,61.189699%,16.031919%
1860,18235,27.291285%,61.354357%,11.354357%
1861,18237,18.922470%,71.747700%,9.329829%
1862,18240,24.783862%,66.246398%,8.969741%
1863,18244,14.705882%,67.647059%,17.647059%
1864,18250,31.593794%,63.281617%,5.124589%
1865,18254,20.086083%,75.466284%,4.447633%
1866,18255,23.090178%,68.609994%,8.299828%
1867,18610,20.372881%,73.254237%,6.372881%
1868,18624,45.522388%,54.477612%,0.000000%
1869,18661,27.461019%,64.347219%,8.191762%
1870,16611,23.337029%,68.514412%,8.148559%
1871,16621,12.859885%,67.562380%,19.577735%
1872,16622,24.137931%,66.896552%,8.965517%
1873,16623,19.452888%,68.085106%,12.462006%
1874,16634,20.091324%,72.602740%,7.305936%
1875,16638,23.333333%,73.333333%,3.333333%
1876,16647,31.777379%,59.964093%,8.258528%
1877,16652,22.924840%,66.474344%,10.600815%
1878,16657,19.407559%,71.297242%,9.295199%
1879,16669,28.402735%,59.788689%,11.808577%
1880,16674,20.286885%,62.704918%,17.008197%
1881,16678,22.890295%,61.867089%,15.242616%
1882,16683,36.601307%,59.803922%,3.594771%
1883,16685,15.107914%,61.151079%,23.741007%
1884,16686,28.010695%,64.053476%,7.935829%
1885,16694,15.333333%,64.666667%,20.000000%
1886,16865,54.716981%,39.947951%,5.335068%
1887,16877,40.677966%,56.009245%,3.312789%
1888,17002,7.345972%,44.075829%,48.578199%
1889,17052,15.004575%,72.827081%,12.168344%
1890,17060,13.854749%,67.039106%,19.106145%
1891,17066,19.055036%,66.640706%,14.304258%
1892,17213,18.468468%,64.189189%,17.342342%
1893,17215,22.500000%,65.000000%,12.500000%
1894,17229,18.378378%,70.918919%,10.702703%
1895,17239,24.431818%,62.500000%,13.068182%
1896,17243,14.380952%,72.380952%,13.238095%
1897,17249,12.286689%,73.037543%,14.675768%
1898,17253,22.471910%,66.292135%,11.235955%
1899,17255,11.200000%,75.733333%,13.066667%
1900,17260,14.832536%,71.172249%,13.995215%
1901,17264,15.997491%,70.639900%,13.362610%
1902,16057,38.317343%,52.634686%,9.047970%
1903,16110,18.215613%,69.144981%,12.639405%
1904,16113,37.931034%,61.379310%,0.689655%
1905,16114,14.754098%,70.725995%,14.519906%
1906,16121,24.632953%,60.326264%,15.040783%
1907,16124,21.827411%,61.783901%,16.388687%
1908,16125,27.988886%,62.670589%,9.340525%
1909,16127,40.214962%,50.952432%,8.832606%
1910,16130,16.700201%,68.008048%,15.291751%
1911,16133,18.964004%,66.461809%,14.574188%
1912,16134,27.201365%,59.829352%,12.969283%
1913,16137,26.159951%,61.864062%,11.975987%
1914,16142,36.776333%,41.979087%,21.244580%
1915,16143,21.631799%,68.535565%,9.832636%
1916,16145,23.918708%,64.147994%,11.933299%
1917,16146,27.225684%,58.453902%,14.320414%
1918,16148,37.379075%,56.849037%,5.771888%
1919,16150,31.395576%,61.499315%,7.105109%
1920,16151,24.444444%,62.222222%,13.333333%
1921,16153,28.025478%,62.154989%,9.819533%
1922,16154,18.354785%,74.986010%,6.659205%
1923,16156,30.252101%,58.230351%,11.517548%
1924,16159,28.003508%,63.139433%,8.857059%
1925,16161,20.322581%,67.741935%,11.935484%
1926,16311,29.133858%,62.729659%,8.136483%
1927,16314,21.652720%,65.010460%,13.336820%
1928,16342,18.269778%,62.492886%,19.237336%
1929,16362,21.395881%,64.759725%,13.844394%
1930,44425,29.394387%,64.060192%,6.545421%
1931,16312,100.000000%,0.000000%,0.000000%
1932,16313,15.224626%,69.883527%,14.891847%
1933,16329,18.750000%,72.395833%,8.854167%
1934,16340,25.931131%,68.165847%,5.903022%
1935,16345,35.212845%,57.430919%,7.356236%
1936,16347,23.715651%,68.817204%,7.467145%
1937,16350,20.923762%,68.336116%,10.740122%
1938,16351,19.408181%,72.410792%,8.181027%
1939,16352,15.979381%,73.195876%,10.824742%
1940,16354,23.394557%,64.633329%,11.972114%
1941,16365,33.087578%,59.241883%,7.670539%
1942,16371,22.486211%,67.119219%,10.394569%
1943,16402,25.800377%,60.640301%,13.559322%
1944,16405,27.389706%,63.786765%,8.823529%
1945,16407,25.741664%,63.691258%,10.567078%
1946,16416,0.000000%,83.478261%,16.521739%
1947,16420,16.363636%,63.434343%,20.202020%
1948,16434,16.900549%,58.084198%,25.015253%
1949,16436,25.641026%,70.000000%,4.358974%
1950,16701,25.616587%,62.870997%,11.512415%
1951,16110,18.215613%,69.144981%,12.639405%
1952,16111,13.892078%,51.090700%,35.017222%
1953,16125,27.988886%,62.670589%,9.340525%
1954,16131,32.229965%,57.665505%,10.104530%
1955,16134,27.201365%,59.829352%,12.969283%
1956,16314,21.652720%,65.010460%,13.336820%
1957,16316,32.141165%,58.834676%,9.024159%
1958,16317,17.448405%,72.232645%,10.318949%
1959,16327,24.060495%,64.940422%,10.999083%
1960,16328,2.985075%,85.074627%,11.940299%
1961,16335,35.070460%,56.729593%,8.199947%
1962,16354,23.394557%,64.633329%,11.972114%
1963,16360,20.062696%,71.368861%,8.568443%
1964,16401,14.985591%,69.241114%,15.773295%
1965,16403,30.006277%,57.878217%,12.115505%
1966,16404,18.305392%,59.990938%,21.703670%
1967,16406,23.671282%,62.170612%,14.158106%
1968,16407,25.741664%,63.691258%,10.567078%
1969,16412,47.856505%,46.501935%,5.641560%
1970,16422,56.521739%,35.403727%,8.074534%
1971,16424,22.938444%,65.795587%,11.265970%
1972,16433,28.053940%,62.162877%,9.783184%
1973,16434,16.900549%,58.084198%,25.015253%
1974,16435,19.198791%,65.079365%,15.721844%
1975,16438,24.511386%,64.030841%,11.457773%
1976,16440,24.728261%,66.576087%,8.695652%
1977,16441,30.964686%,62.159058%,6.876256%
1978,16822,21.384510%,63.879369%,14.736121%
1979,16841,22.767965%,63.876119%,13.355916%
1980,16848,16.785714%,78.214286%,5.000000%
1981,16871,11.538462%,57.692308%,30.769231%
1982,16872,17.997465%,57.541191%,24.461343%
1983,17721,24.434389%,67.330317%,8.235294%
1984,17729,10.416667%,85.416667%,4.166667%
1985,17740,28.278593%,60.179362%,11.542045%
1986,17745,28.963334%,59.210411%,11.826255%
1987,17747,26.522911%,52.506739%,20.970350%
1988,17748,17.889908%,64.678899%,17.431193%
1989,17750,27.868852%,72.131148%,0.000000%
1990,17751,28.913738%,59.325080%,11.761182%
1991,17760,22.131148%,68.032787%,9.836066%
1992,17764,17.095588%,67.095588%,15.808824%
1993,17767,0.000000%,90.076336%,9.923664%
1994,17778,11.842105%,68.421053%,19.736842%
1995,17779,100.000000%,0.000000%,0.000000%
1996,18011,39.298515%,49.948797%,10.752688%
1997,18015,35.987709%,49.778657%,14.233634%
1998,18016,Not applicable,Not applicable,Not applicable
1999,18017,42.633766%,47.926083%,9.440152%
2000,18018,34.716372%,55.403710%,9.879918%
2001,18031,56.456311%,40.970874%,2.572816%
2002,18032,31.348538%,61.610286%,7.041176%
2003,18034,54.319853%,41.139706%,4.540441%
2004,18036,47.539901%,45.514584%,6.945515%
2005,18037,36.625589%,53.914462%,9.459949%
2006,18041,37.413148%,56.360235%,6.226617%
2007,18046,0.000000%,100.000000%,0.000000%
2008,18049,45.221843%,48.704623%,6.073534%
2009,18051,52.893204%,42.446602%,4.660194%
2010,18052,35.763440%,54.022870%,10.213691%
2011,18053,27.961783%,65.668790%,6.369427%
2012,18059,40.152478%,49.809403%,10.038119%
2013,18062,53.109780%,39.506242%,7.383978%
2014,18066,39.668826%,52.267819%,8.063355%
2015,18068,Not applicable,Not applicable,Not applicable
2016,18069,53.321648%,39.789658%,6.888694%
2017,18078,49.362934%,46.370656%,4.266409%
2018,18079,14.006515%,74.267101%,11.726384%
2019,18080,29.056421%,60.505014%,10.438565%
2020,18087,17.842324%,75.311203%,6.846473%
2021,18092,45.251397%,44.950580%,9.798023%
2022,18101,16.508461%,54.808089%,28.683450%
2023,18102,14.985460%,55.260853%,29.753688%
2024,18103,33.308026%,52.560817%,14.131157%
2025,18104,48.526458%,43.863808%,7.609734%
2026,18105,4.761905%,61.904762%,33.333333%
2027,18106,44.833983%,45.019477%,10.146541%
2028,18109,23.252346%,59.538637%,17.209017%
2029,18195,Not applicable,Not applicable,Not applicable
2030,18951,35.550374%,53.843007%,10.606618%
2031,19529,36.635945%,53.494624%,9.869432%
2032,19530,36.742003%,51.809312%,11.448685%
2033,19539,25.850547%,61.391252%,12.758202%
2034,07832,33.533383%,59.227307%,7.239310%
2035,18058,26.511565%,64.155282%,9.333153%
2036,18071,24.302264%,58.464982%,17.232754%
2037,18210,29.302853%,66.616286%,4.080862%
2038,18301,35.008523%,55.666135%,9.325342%
2039,18302,30.944543%,59.626910%,9.428547%
2040,18321,23.915237%,61.251261%,14.833502%
2041,18322,23.032224%,66.455362%,10.512414%
2042,18323,87.096774%,12.903226%,0.000000%
2043,18324,27.266932%,56.254980%,16.478088%
2044,18325,33.568713%,61.705595%,4.725693%
2045,18326,22.430176%,70.025914%,7.543910%
2046,18327,37.464789%,60.845070%,1.690141%
2047,18330,36.061684%,55.318308%,8.620008%
2048,18331,18.301887%,46.603774%,35.094340%
2049,18332,24.289277%,69.177057%,6.533666%
2050,18333,11.363636%,65.909091%,22.727273%
2051,18334,19.671151%,72.197309%,8.131540%
2052,18335,30.252101%,50.924370%,18.823529%
2053,18342,9.756098%,70.731707%,19.512195%
2054,18344,34.677793%,51.923968%,13.398238%
2055,18346,27.152698%,62.456946%,10.390356%
2056,18347,32.477341%,58.006042%,9.516616%
2057,18349,69.892473%,30.107527%,0.000000%
2058,18350,39.187228%,55.878084%,4.934688%
2059,18352,32.800000%,36.200000%,31.000000%
2060,18353,32.026635%,57.920739%,10.052626%
2061,18354,51.805338%,43.799058%,4.395604%
2062,18355,49.840933%,34.570520%,15.588547%
2063,18356,30.000000%,70.000000%,0.000000%
2064,18357,61.928934%,38.071066%,0.000000%
2065,18360,35.942441%,51.860637%,12.196922%
2066,18370,44.078947%,49.342105%,6.578947%
2067,18372,28.848414%,62.514689%,8.636898%
2068,18424,33.671347%,58.658346%,7.670307%
2069,18466,24.932832%,61.024539%,14.042629%
2070,18610,20.372881%,73.254237%,6.372881%
2071,15001,36.730269%,55.533391%,7.736340%
2072,15003,30.152718%,60.952963%,8.894319%
2073,15005,39.221027%,54.936674%,5.842299%
2074,15009,48.067979%,45.402504%,6.529517%
2075,15010,35.658559%,56.402019%,7.939422%
2076,15026,30.673617%,63.191660%,6.134723%
2077,15027,33.227647%,58.084971%,8.687381%
2078,15042,39.840025%,53.237963%,6.922012%
2079,15043,28.993711%,64.779874%,6.226415%
2080,15050,37.464142%,56.167527%,6.368330%
2081,15052,30.000000%,65.097276%,4.902724%
2082,15059,18.376068%,63.639601%,17.984330%
2083,15061,36.476673%,55.644806%,7.878521%
2084,15066,27.582393%,61.501880%,10.915727%
2085,15074,26.080247%,65.154321%,8.765432%
2086,15077,21.428571%,56.250000%,22.321429%
2087,15081,21.739130%,67.701863%,10.559006%
2088,15143,66.413662%,30.114555%,3.471783%
2089,16037,40.567201%,53.020962%,6.411837%
2090,16063,50.832819%,42.751388%,6.415793%
2091,16115,29.853398%,62.283430%,7.863172%
2092,16117,33.648439%,57.411784%,8.939777%
2093,16120,27.801418%,59.078014%,13.120567%
2094,16123,38.711776%,51.984385%,9.303839%
2095,16136,28.388278%,64.285714%,7.326007%
2096,16141,31.231454%,55.489614%,13.278932%
2097,16157,23.203194%,68.056788%,8.740018%
2098,17756,29.785389%,55.560373%,14.654238%
2099,17774,19.721116%,65.737052%,14.541833%
2100,17814,24.644412%,65.428157%,9.927431%
2101,17815,33.901739%,56.964376%,9.133885%
2102,17820,34.021901%,58.163265%,7.814833%
2103,17821,36.629381%,53.736018%,9.634601%
2104,17824,36.512456%,56.192171%,7.295374%
2105,17846,28.727273%,60.909091%,10.363636%
2106,17859,20.534459%,65.072668%,14.392874%
2107,17878,27.349624%,62.030075%,10.620301%
2108,17888,22.926829%,63.414634%,13.658537%
2109,17920,15.916955%,76.124567%,7.958478%
2110,17921,21.655218%,65.996075%,12.348708%
2111,17945,5.042017%,81.512605%,13.445378%
2112,17985,25.161987%,65.658747%,9.179266%
2113,18603,24.869986%,60.867707%,14.262307%
2114,18631,26.082677%,60.039370%,13.877953%
2115,18635,25.247694%,62.760506%,11.991800%
2116,18655,24.769585%,64.239631%,10.990783%
2117,17814,24.644412%,65.428157%,9.927431%
2118,17815,33.901739%,56.964376%,9.133885%
2119,17878,27.349624%,62.030075%,10.620301%
2120,18201,18.482783%,57.788306%,23.728911%
2121,18202,22.071792%,59.930443%,17.997764%
2122,18216,14.324693%,79.809004%,5.866303%
2123,18219,53.433836%,44.137353%,2.428811%
2124,18221,23.035230%,74.525745%,2.439024%
2125,18222,43.020114%,51.801261%,5.178625%
2126,18223,16.455696%,53.797468%,29.746835%
2127,18224,23.442582%,66.549912%,10.007506%
2128,18225,0.000000%,91.304348%,8.695652%
2129,18234,42.052980%,54.966887%,2.980132%
2130,18239,12.903226%,70.967742%,16.129032%
2131,18241,12.385321%,72.247706%,15.366972%
2132,18244,14.705882%,67.647059%,17.647059%
2133,18246,2.439024%,73.170732%,24.390244%
2134,18249,51.086957%,44.311594%,4.601449%
2135,18251,0.000000%,100.000000%,0.000000%
2136,18255,23.090178%,68.609994%,8.299828%
2137,18256,31.746032%,66.666667%,1.587302%
2138,18424,33.671347%,58.658346%,7.670307%
2139,18602,66.831683%,32.178218%,0.990099%
2140,18603,24.869986%,60.867707%,14.262307%
2141,18610,20.372881%,73.254237%,6.372881%
2142,18612,41.648690%,51.278891%,7.072419%
2143,18615,26.514032%,66.174298%,7.311669%
2144,18617,13.054608%,77.730375%,9.215017%
2145,18618,42.362598%,48.037116%,9.600286%
2146,18621,20.439292%,66.605654%,12.955054%
2147,18622,26.219512%,51.829268%,21.951220%
2148,18634,26.617752%,61.398145%,11.984103%
2149,18635,25.247694%,62.760506%,11.991800%
2150,18636,19.563153%,70.465337%,9.971510%
2151,18640,26.861042%,61.879653%,11.259305%
2152,18641,32.105701%,60.008323%,7.885976%
2153,18642,38.195303%,54.635352%,7.169345%
2154,18643,35.840708%,55.508850%,8.650442%
2155,18644,38.622590%,54.325069%,7.052342%
2156,18651,22.777406%,64.522059%,12.700535%
2157,18655,24.769585%,64.239631%,10.990783%
2158,18656,32.460414%,60.109622%,7.429963%
2159,18660,27.398844%,62.196532%,10.404624%
2160,18661,27.461019%,64.347219%,8.191762%
2161,18701,33.553174%,51.690025%,14.756801%
2162,18702,27.035685%,58.150190%,14.814125%
2163,18704,38.875949%,54.554865%,6.569186%
2164,18705,25.888469%,62.013233%,12.098299%
2165,18706,29.702016%,61.340929%,8.957055%
2166,18707,46.616933%,48.204372%,5.178695%
2167,18708,50.412718%,45.337817%,4.249465%
2168,18709,27.750557%,57.594655%,14.654788%
2169,17007,51.503106%,45.118012%,3.378882%
2170,17011,46.275276%,44.715478%,9.009246%
2171,17013,39.055705%,51.319114%,9.625181%
2172,17015,36.904454%,58.033402%,5.062144%
2173,17019,37.788513%,54.205966%,8.005521%
2174,17025,38.128714%,52.380952%,9.490334%
2175,17027,65.079365%,34.920635%,0.000000%
2176,17043,44.288873%,51.535249%,4.175878%
2177,17050,55.028515%,40.220256%,4.751229%
2178,17053,28.976506%,62.570888%,8.452606%
2179,17055,47.560747%,46.775829%,5.663424%
2180,17065,26.491170%,62.745751%,10.763079%
2181,17070,41.691215%,50.693121%,7.615665%
2182,17072,59.756098%,40.243902%,0.000000%
2183,17081,24.107143%,75.892857%,0.000000%
2184,17093,9.642857%,67.619048%,22.738095%
2185,17240,20.191055%,57.881025%,21.927920%
2186,17241,19.908154%,62.951471%,17.140375%
2187,17257,26.961432%,55.863270%,17.175297%
2188,17266,16.891892%,68.918919%,14.189189%
2189,17307,27.288095%,60.806568%,11.905337%
2190,17324,18.357488%,63.630090%,18.012422%
